[{"fields": {"action_flag": 3, "action_time": "2011-02-24 10:45:29", "object_repr": "Chestnut St.", "object_id": "8", "change_message": "", "user": 1, "content_type": 34}, "model": "admin.logentry", "pk": 1}, {"fields": {"from_num": 1, "right_city": "BOSTON", "right_to_num": 15, "to_num": 18, "suffix": "AVE", "parent_id": null, "street_pretty_name": "Chestnut Ave.", "right_from_num": 1, "postdir": "", "right_zip": "02130", "left_state": "MA", "pretty_name": "1-2 Chestnut Ave.", "street_slug": "chestnut-ave", "street": "CHESTNUT", "geom": "LINESTRING (-71.1017439999999965 42.3228919999999960, -71.1018600000000021 42.3225860000000011, -71.1020609999999920 42.3221579999999946, -71.1021700000000010 42.3219039999999964)", "right_state": "MA", "left_from_num": 2, "left_zip": "02130", "left_to_num": 18, "left_city": "BOSTON", "predir": ""}, "model": "streets.block", "pk": 94}, {"fields": {"from_num": 1, "right_city": "BOSTON", "right_to_num": 2, "to_num": 12, "suffix": "SQ", "parent_id": null, "street_pretty_name": "Chestnut Sq.", "right_from_num": 12, "postdir": "", "right_zip": "02130", "left_state": "MA", "pretty_name": "1-2 Chestnut Sq.", "street_slug": "chestnut-sq", "street": "CHESTNUT", "geom": "LINESTRING (-71.1067510000000027 42.3152749999999997, -71.1066739999999982 42.3154249999999976, -71.1076369999999969 42.3157080000000008)", "right_state": "MA", "left_from_num": 11, "left_zip": "02130", "left_to_num": 1, "left_city": "BOSTON", "predir": ""}, "model": "streets.block", "pk": 110}, {"fields": {"from_num": 1, "right_city": "BOSTON", "right_to_num": 11, "to_num": 11, "suffix": "ST", "parent_id": null, "street_pretty_name": "Chestnut St.", "right_from_num": 1, "postdir": "", "right_zip": "02136", "left_state": "MA", "pretty_name": "1-2 Chestnut St.", "street_slug": "chestnut-st", "street": "CHESTNUT", "geom": "LINESTRING (-71.1259759999999943 42.2594269999999952, -71.1263979999999947 42.2594289999999972, -71.1266760000000033 42.2594390000000004)", "right_state": "MA", "left_from_num": 2, "left_zip": "02136", "left_to_num": 10, "left_city": "BOSTON", "predir": ""}, "model": "streets.block", "pk": 30}, {"fields": {"from_num": 1, "right_city": "BOSTON", "right_to_num": 17, "to_num": 17, "suffix": "ST", "parent_id": null, "street_pretty_name": "Chestnut St.", "right_from_num": 1, "postdir": "", "right_zip": "02129", "left_state": "MA", "pretty_name": "1-2 Chestnut St.", "street_slug": "chestnut-st", "street": "CHESTNUT", "geom": "LINESTRING (-71.0587979999999959 42.3738819999999947, -71.0588389999999919 42.3739080000000001, -71.0588879999999961 42.3741130000000013)", "right_state": "MA", "left_from_num": 2, "left_zip": "02129", "left_to_num": 16, "left_city": "BOSTON", "predir": ""}, "model": "streets.block", "pk": 49}, {"fields": {"from_num": 1, "right_city": "BOSTON", "right_to_num": 19, "to_num": 22, "suffix": "ST", "parent_id": null, "street_pretty_name": "Adams St.", "right_from_num": 1, "postdir": "", "right_zip": "02119", "left_state": "MA", "pretty_name": "1-22 Adams St.", "street_slug": "adams-st", "street": "ADAMS", "geom": "LINESTRING (-71.0756140000000016 42.3292239999999964, -71.0762639999999948 42.3287300000000002)", "right_state": "MA", "left_from_num": 2, "left_zip": "02119", "left_to_num": 22, "left_city": "BOSTON", "predir": ""}, "model": "streets.block", "pk": 122}, {"fields": {"from_num": 1, "right_city": "BOSTON", "right_to_num": 29, "to_num": 29, "suffix": "ST", "parent_id": null, "street_pretty_name": "Adams St.", "right_from_num": 1, "postdir": "", "right_zip": "02122", "left_state": "MA", "pretty_name": "1-6 Adams St.", "street_slug": "adams-st", "street": "ADAMS", "geom": "LINESTRING (-71.0639070000000004 42.3083469999999977, -71.0637430000000023 42.3081309999999959, -71.0635850000000033 42.3079889999999992, -71.0634269999999901 42.3078659999999971, -71.0631910000000033 42.3077389999999980, -71.0629509999999982 42.3076399999999992, -71.0627810000000011 42.3075539999999961, -71.0627000000000066 42.3074930000000009)", "right_state": "MA", "left_from_num": 6, "left_zip": "02122", "left_to_num": 12, "left_city": "BOSTON", "predir": ""}, "model": "streets.block", "pk": 80}, {"fields": {"from_num": 1, "right_city": "BOSTON", "right_to_num": 7, "to_num": 18, "suffix": "RD", "parent_id": null, "street_pretty_name": "Chestnut Rd.", "right_from_num": 1, "postdir": "", "right_zip": "02132", "left_state": "MA", "pretty_name": "1-7 Chestnut Rd.", "street_slug": "chestnut-rd", "street": "CHESTNUT", "geom": "LINESTRING (-71.1614789999999999 42.2654289999999975, -71.1612599999999986 42.2653970000000001, -71.1610819999999933 42.2653589999999966, -71.1609729999999985 42.2653169999999960)", "right_state": "MA", "left_from_num": 2, "left_zip": "02132", "left_to_num": 18, "left_city": "BOSTON", "predir": ""}, "model": "streets.block", "pk": 138}, {"fields": {"from_num": 1, "right_city": "BOSTON", "right_to_num": 5, "to_num": 8, "suffix": "ST", "parent_id": null, "street_pretty_name": "Chestnut St.", "right_from_num": 1, "postdir": "", "right_zip": "02108", "left_state": "MA", "pretty_name": "1-8 Chestnut St.", "street_slug": "chestnut-st", "street": "CHESTNUT", "geom": "LINESTRING (-71.0661329999999936 42.3578649999999968, -71.0667669999999987 42.3577129999999968, -71.0668890000000033 42.3576869999999985)", "right_state": "MA", "left_from_num": 2, "left_zip": "02108", "left_to_num": 8, "left_city": "BOSTON", "predir": ""}, "model": "streets.block", "pk": 89}, {"fields": {"from_num": 1, "right_city": "BOSTON", "right_to_num": 99, "to_num": 99, "suffix": "PL", "parent_id": null, "street_pretty_name": "Adams Pl.", "right_from_num": 1, "postdir": "", "right_zip": "02127", "left_state": "MA", "pretty_name": "1-99 Adams Pl.", "street_slug": "adams-pl", "street": "ADAMS", "geom": "LINESTRING (-71.0486049999999949 42.3383879999999948, -71.0487449999999967 42.3384730000000005)", "right_state": "MA", "left_from_num": 2, "left_zip": "02127", "left_to_num": 98, "left_city": "BOSTON", "predir": ""}, "model": "streets.block", "pk": 130}, {"fields": {"from_num": 1, "right_city": "BOSTON", "right_to_num": 99, "to_num": 99, "suffix": "ST", "parent_id": null, "street_pretty_name": "Adams St.", "right_from_num": 1, "postdir": "", "right_zip": "02136", "left_state": "MA", "pretty_name": "1-99 Adams St.", "street_slug": "adams-st", "street": "ADAMS", "geom": "LINESTRING (-71.1301220000000001 42.2529649999999961, -71.1293840000000017 42.2525769999999952)", "right_state": "MA", "left_from_num": 2, "left_zip": "02136", "left_to_num": 98, "left_city": "BOSTON", "predir": ""}, "model": "streets.block", "pk": 29}, {"fields": {"from_num": 1, "right_city": "BOSTON", "right_to_num": 99, "to_num": 102, "suffix": "TER", "parent_id": null, "street_pretty_name": "Adams Ter.", "right_from_num": 1, "postdir": "", "right_zip": "02122", "left_state": "MA", "pretty_name": "1-99 Adams Ter.", "street_slug": "adams-ter", "street": "ADAMS", "geom": "LINESTRING (-71.0562209999999936 42.2955459999999945, -71.0567169999999919 42.2954439999999963)", "right_state": "MA", "left_from_num": 2, "left_zip": "02122", "left_to_num": 102, "left_city": "BOSTON", "predir": ""}, "model": "streets.block", "pk": 83}, {"fields": {"from_num": 1, "right_city": "BOSTON", "right_to_num": 99, "to_num": 99, "suffix": "PL", "parent_id": null, "street_pretty_name": "Chestnut Pl.", "right_from_num": 1, "postdir": "", "right_zip": "02135", "left_state": "MA", "pretty_name": "1-99 Chestnut Pl.", "street_slug": "chestnut-pl", "street": "CHESTNUT", "geom": "LINESTRING (-71.1520050000000026 42.3468009999999992, -71.1516489999999919 42.3466719999999981)", "right_state": "MA", "left_from_num": 2, "left_zip": "02135", "left_to_num": 98, "left_city": "BOSTON", "predir": ""}, "model": "streets.block", "pk": 45}, {"fields": {"from_num": 1, "right_city": "BOSTON", "right_to_num": 99, "to_num": 99, "suffix": "PL", "parent_id": null, "street_pretty_name": "Chestnut Pl.", "right_from_num": 1, "postdir": "", "right_zip": "02130", "left_state": "MA", "pretty_name": "1-99 Chestnut Pl.", "street_slug": "chestnut-pl", "street": "CHESTNUT", "geom": "LINESTRING (-71.1080109999999905 42.3150499999999994, -71.1086359999999900 42.3151529999999951)", "right_state": "MA", "left_from_num": 2, "left_zip": "02130", "left_to_num": 98, "left_city": "BOSTON", "predir": ""}, "model": "streets.block", "pk": 95}, {"fields": {"from_num": 7, "right_city": "BOSTON", "right_to_num": 15, "to_num": 22, "suffix": "ST", "parent_id": null, "street_pretty_name": "Chestnut St.", "right_from_num": 7, "postdir": "", "right_zip": "02108", "left_state": "MA", "pretty_name": "10-7 Chestnut St.", "street_slug": "chestnut-st", "street": "CHESTNUT", "geom": "LINESTRING (-71.0668890000000033 42.3576869999999985, -71.0671669999999978 42.3576259999999962)", "right_state": "MA", "left_from_num": 10, "left_zip": "02108", "left_to_num": 22, "left_city": "BOSTON", "predir": ""}, "model": "streets.block", "pk": 28}, {"fields": {"from_num": 82, "right_city": "BOSTON", "right_to_num": 99, "to_num": 100, "suffix": "ST", "parent_id": null, "street_pretty_name": "Adams St.", "right_from_num": 87, "postdir": "", "right_zip": "02122", "left_state": "MA", "pretty_name": "100-99 Adams St.", "street_slug": "adams-st", "street": "ADAMS", "geom": "LINESTRING (-71.0617709999999931 42.3060089999999960, -71.0615039999999993 42.3053699999999964)", "right_state": "MA", "left_from_num": 82, "left_zip": "02122", "left_to_num": 100, "left_city": "BOSTON", "predir": ""}, "model": "streets.block", "pk": 39}, {"fields": {"from_num": 101, "right_city": "BOSTON", "right_to_num": 123, "to_num": 124, "suffix": "ST", "parent_id": null, "street_pretty_name": "Adams St.", "right_from_num": 101, "postdir": "", "right_zip": "02122", "left_state": "MA", "pretty_name": "101-124 Adams St.", "street_slug": "adams-st", "street": "ADAMS", "geom": "LINESTRING (-71.0615039999999993 42.3053699999999964, -71.0613669999999900 42.3050599999999974, -71.0611569999999944 42.3045589999999976)", "right_state": "MA", "left_from_num": 102, "left_zip": "02122", "left_to_num": 124, "left_city": "BOSTON", "predir": ""}, "model": "streets.block", "pk": 50}, {"fields": {"from_num": 80, "right_city": "BOSTON", "right_to_num": 103, "to_num": 103, "suffix": "AVE", "parent_id": null, "street_pretty_name": "Chestnut Ave.", "right_from_num": 85, "postdir": "", "right_zip": "02130", "left_state": "MA", "pretty_name": "103-92 Chestnut Ave.", "street_slug": "chestnut-ave", "street": "CHESTNUT", "geom": "LINESTRING (-71.1039849999999944 42.3199770000000015, -71.1045790000000011 42.3196609999999964)", "right_state": "MA", "left_from_num": 80, "left_zip": "02130", "left_to_num": 92, "left_city": "BOSTON", "predir": ""}, "model": "streets.block", "pk": 109}, {"fields": {"from_num": 967, "right_city": "BOSTON", "right_to_num": 985, "to_num": 1044, "suffix": "ST", "parent_id": null, "street_pretty_name": "Adams St.", "right_from_num": 967, "postdir": "", "right_zip": "02124", "left_state": "MA", "pretty_name": "1044-985 Adams St.", "street_slug": "adams-st", "street": "ADAMS", "geom": "LINESTRING (-71.0597000000000065 42.2784289999999956, -71.0597350000000034 42.2783450000000016, -71.0599449999999990 42.2778980000000004)", "right_state": "MA", "left_from_num": 972, "left_zip": "02124", "left_to_num": 1044, "left_city": "BOSTON", "predir": ""}, "model": "streets.block", "pk": 62}, {"fields": {"from_num": 999, "right_city": "BOSTON", "right_to_num": 1049, "to_num": 1058, "suffix": "ST", "parent_id": null, "street_pretty_name": "Adams St.", "right_from_num": 999, "postdir": "", "right_zip": "02124", "left_state": "MA", "pretty_name": "1048-999 Adams St.", "street_slug": "adams-st", "street": "ADAMS", "geom": "LINESTRING (-71.0604519999999980 42.2770849999999996, -71.0605709999999959 42.2769279999999981, -71.0607849999999956 42.2766979999999961, -71.0609429999999946 42.2764659999999992, -71.0613019999999977 42.2758399999999952, -71.0615499999999969 42.2755200000000002, -71.0618729999999914 42.2751979999999961)", "right_state": "MA", "left_from_num": 1048, "left_zip": "02124", "left_to_num": 1058, "left_city": "BOSTON", "predir": ""}, "model": "streets.block", "pk": 1}, {"fields": {"from_num": 94, "right_city": "BOSTON", "right_to_num": 109, "to_num": 109, "suffix": "AVE", "parent_id": null, "street_pretty_name": "Chestnut Ave.", "right_from_num": 105, "postdir": "", "right_zip": "02130", "left_state": "MA", "pretty_name": "105-94 Chestnut Ave.", "street_slug": "chestnut-ave", "street": "CHESTNUT", "geom": "LINESTRING (-71.1045790000000011 42.3196609999999964, -71.1048459999999949 42.3195149999999956, -71.1049799999999976 42.3194359999999961, -71.1050389999999908 42.3193849999999969, -71.1051310000000001 42.3192779999999971)", "right_state": "MA", "left_from_num": 94, "left_zip": "02130", "left_to_num": 106, "left_city": "BOSTON", "predir": ""}, "model": "streets.block", "pk": 31}, {"fields": {"from_num": 1051, "right_city": "BOSTON", "right_to_num": 1135, "to_num": 1135, "suffix": "ST", "parent_id": null, "street_pretty_name": "Adams St.", "right_from_num": 1051, "postdir": "", "right_zip": "02124", "left_state": "MA", "pretty_name": "1051-1135 Adams St.", "street_slug": "adams-st", "street": "ADAMS", "geom": "LINESTRING (-71.0618729999999914 42.2751979999999961, -71.0621689999999973 42.2748920000000012, -71.0623549999999966 42.2746719999999954, -71.0626309999999961 42.2743569999999949, -71.0628729999999962 42.2741079999999982, -71.0635139999999978 42.2736000000000018, -71.0638110000000012 42.2734049999999968, -71.0640860000000032 42.2732400000000013)", "right_state": "MA", "left_from_num": 1060, "left_zip": "02124", "left_to_num": 1122, "left_city": "BOSTON", "predir": ""}, "model": "streets.block", "pk": 35}, {"fields": {"from_num": 91, "right_city": "BOSTON", "right_to_num": 199, "to_num": 199, "suffix": "ST", "parent_id": null, "street_pretty_name": "Chestnut St.", "right_from_num": 91, "postdir": "", "right_zip": "02108", "left_state": "MA", "pretty_name": "108-91 Chestnut St.", "street_slug": "chestnut-st", "street": "CHESTNUT", "geom": "LINESTRING (-71.0716769999999940 42.3566319999999976, -71.0729410000000001 42.3563809999999989)", "right_state": "MA", "left_from_num": 108, "left_zip": "02108", "left_to_num": 198, "left_city": "BOSTON", "predir": ""}, "model": "streets.block", "pk": 88}, {"fields": {"from_num": 9, "right_city": "BOSTON", "right_to_num": 11, "to_num": 26, "suffix": "RD", "parent_id": null, "street_pretty_name": "Chestnut Rd.", "right_from_num": 9, "postdir": "", "right_zip": "02132", "left_state": "MA", "pretty_name": "11-9 Chestnut Rd.", "street_slug": "chestnut-rd", "street": "CHESTNUT", "geom": "LINESTRING (-71.1609729999999985 42.2653169999999960, -71.1608969999999914 42.2652390000000011, -71.1608640000000037 42.2651439999999994)", "right_state": "MA", "left_from_num": 20, "left_zip": "02132", "left_to_num": 26, "left_city": "BOSTON", "predir": ""}, "model": "streets.block", "pk": 74}, {"fields": {"from_num": 110, "right_city": "BOSTON", "right_to_num": 137, "to_num": 137, "suffix": "AVE", "parent_id": null, "street_pretty_name": "Chestnut Ave.", "right_from_num": 115, "postdir": "", "right_zip": "02130", "left_state": "MA", "pretty_name": "110-137 Chestnut Ave.", "street_slug": "chestnut-ave", "street": "CHESTNUT", "geom": "LINESTRING (-71.1053890000000024 42.3189349999999962, -71.1055289999999900 42.3187329999999946, -71.1056689999999918 42.3185459999999978, -71.1057950000000005 42.3184040000000010)", "right_state": "MA", "left_from_num": 110, "left_zip": "02130", "left_to_num": 134, "left_city": "BOSTON", "predir": ""}, "model": "streets.block", "pk": 105}, {"fields": {"from_num": 1124, "right_city": "BOSTON", "right_to_num": 1173, "to_num": 1173, "suffix": "ST", "parent_id": null, "street_pretty_name": "Adams St.", "right_from_num": 1137, "postdir": "", "right_zip": "02124", "left_state": "MA", "pretty_name": "1124-1173 Adams St.", "street_slug": "adams-st", "street": "ADAMS", "geom": "LINESTRING (-71.0640860000000032 42.2732400000000013, -71.0661130000000014 42.2724899999999977)", "right_state": "MA", "left_from_num": 1124, "left_zip": "02124", "left_to_num": 1160, "left_city": "BOSTON", "predir": ""}, "model": "streets.block", "pk": 73}, {"fields": {"from_num": 111, "right_city": "BOSTON", "right_to_num": 113, "to_num": 113, "suffix": "AVE", "parent_id": null, "street_pretty_name": "Chestnut Ave.", "right_from_num": 111, "postdir": "", "right_zip": "02130", "left_state": "MA", "pretty_name": "113 Chestnut Ave.", "street_slug": "chestnut-ave", "street": "CHESTNUT", "geom": "LINESTRING (-71.1051310000000001 42.3192779999999971, -71.1053890000000024 42.3189349999999962)", "right_state": "MA", "left_from_num": null, "left_zip": "", "left_to_num": null, "left_city": "BOSTON", "predir": ""}, "model": "streets.block", "pk": 125}, {"fields": {"from_num": 1162, "right_city": "BOSTON", "right_to_num": 1179, "to_num": 1179, "suffix": "ST", "parent_id": null, "street_pretty_name": "Adams St.", "right_from_num": 1175, "postdir": "", "right_zip": "02124", "left_state": "MA", "pretty_name": "1162-1179 Adams St.", "street_slug": "adams-st", "street": "ADAMS", "geom": "LINESTRING (-71.0661130000000014 42.2724899999999977, -71.0663859999999943 42.2723960000000005)", "right_state": "MA", "left_from_num": 1162, "left_zip": "02124", "left_to_num": 1166, "left_city": "BOSTON", "predir": ""}, "model": "streets.block", "pk": 92}, {"fields": {"from_num": 1168, "right_city": "BOSTON", "right_to_num": 1225, "to_num": 1225, "suffix": "ST", "parent_id": null, "street_pretty_name": "Adams St.", "right_from_num": 1181, "postdir": "", "right_zip": "02124", "left_state": "MA", "pretty_name": "1168-1225 Adams St.", "street_slug": "adams-st", "street": "ADAMS", "geom": "LINESTRING (-71.0663859999999943 42.2723960000000005, -71.0667439999999999 42.2723219999999955, -71.0670300000000026 42.2722899999999981, -71.0677900000000022 42.2722270000000009, -71.0680179999999950 42.2722160000000002)", "right_state": "MA", "left_from_num": 1168, "left_zip": "02124", "left_to_num": 1198, "left_city": "BOSTON", "predir": ""}, "model": "streets.block", "pk": 14}, {"fields": {"from_num": 1200, "right_city": "BOSTON", "right_to_num": 1299, "to_num": 1299, "suffix": "ST", "parent_id": null, "street_pretty_name": "Adams St.", "right_from_num": 1227, "postdir": "", "right_zip": "02124", "left_state": "MA", "pretty_name": "1200-1299 Adams St.", "street_slug": "adams-st", "street": "ADAMS", "geom": "LINESTRING (-71.0680179999999950 42.2722160000000002, -71.0679889999999972 42.2721149999999923, -71.0679899999999947 42.2719469999999973, -71.0680210000000017 42.2717749999999981, -71.0680929999999904 42.2715589999999963, -71.0681780000000032 42.2713429999999946, -71.0681900000000013 42.2712170000000000, -71.0681730000000016 42.2711180000000013)", "right_state": "MA", "left_from_num": 1200, "left_zip": "02124", "left_to_num": 1298, "left_city": "BOSTON", "predir": ""}, "model": "streets.block", "pk": 93}, {"fields": {"from_num": 125, "right_city": "BOSTON", "right_to_num": 145, "to_num": 145, "suffix": "ST", "parent_id": null, "street_pretty_name": "Adams St.", "right_from_num": 125, "postdir": "", "right_zip": "02122", "left_state": "MA", "pretty_name": "125-145 Adams St.", "street_slug": "adams-st", "street": "ADAMS", "geom": "LINESTRING (-71.0611569999999944 42.3045589999999976, -71.0608560000000011 42.3038619999999952)", "right_state": "MA", "left_from_num": 126, "left_zip": "02122", "left_to_num": 142, "left_city": "BOSTON", "predir": ""}, "model": "streets.block", "pk": 21}, {"fields": {"from_num": 13, "right_city": "BOSTON", "right_to_num": 31, "to_num": 31, "suffix": "RD", "parent_id": null, "street_pretty_name": "Chestnut Rd.", "right_from_num": 13, "postdir": "", "right_zip": "02132", "left_state": "MA", "pretty_name": "13-31 Chestnut Rd.", "street_slug": "chestnut-rd", "street": "CHESTNUT", "geom": "LINESTRING (-71.1608640000000037 42.2651439999999994, -71.1603420000000000 42.2646499999999961)", "right_state": "MA", "left_from_num": 28, "left_zip": "02132", "left_to_num": 30, "left_city": "BOSTON", "predir": ""}, "model": "streets.block", "pk": 36}, {"fields": {"from_num": 13, "right_city": "BOSTON", "right_to_num": 14, "to_num": 39, "suffix": "SQ", "parent_id": null, "street_pretty_name": "Chestnut Sq.", "right_from_num": 30, "postdir": "", "right_zip": "02130", "left_state": "MA", "pretty_name": "13-39 Chestnut Sq.", "street_slug": "chestnut-sq", "street": "CHESTNUT", "geom": "LINESTRING (-71.1069159999999982 42.3150419999999983, -71.1068229999999915 42.3151499999999956, -71.1067510000000027 42.3152749999999997)", "right_state": "MA", "left_from_num": 39, "left_zip": "02130", "left_to_num": 13, "left_city": "BOSTON", "predir": ""}, "model": "streets.block", "pk": 33}, {"fields": {"from_num": 136, "right_city": "BOSTON", "right_to_num": 153, "to_num": 153, "suffix": "AVE", "parent_id": null, "street_pretty_name": "Chestnut Ave.", "right_from_num": 139, "postdir": "", "right_zip": "02130", "left_state": "MA", "pretty_name": "136-153 Chestnut Ave.", "street_slug": "chestnut-ave", "street": "CHESTNUT", "geom": "LINESTRING (-71.1057950000000005 42.3184040000000010, -71.1064069999999901 42.3176269999999946)", "right_state": "MA", "left_from_num": 136, "left_zip": "02130", "left_to_num": 146, "left_city": "BOSTON", "predir": ""}, "model": "streets.block", "pk": 90}, {"fields": {"from_num": 14, "right_city": "BOSTON", "right_to_num": 21, "to_num": 21, "suffix": "ST", "parent_id": null, "street_pretty_name": "Chestnut St.", "right_from_num": 17, "postdir": "", "right_zip": "02136", "left_state": "MA", "pretty_name": "14-21 Chestnut St.", "street_slug": "chestnut-st", "street": "CHESTNUT", "geom": "LINESTRING (-71.1268630000000002 42.2594479999999990, -71.1273359999999997 42.2594719999999953)", "right_state": "MA", "left_from_num": 14, "left_zip": "02136", "left_to_num": 16, "left_city": "BOSTON", "predir": ""}, "model": "streets.block", "pk": 112}, {"fields": {"from_num": 14, "right_city": "BOSTON", "right_to_num": 53, "to_num": 53, "suffix": "ST", "parent_id": null, "street_pretty_name": "Adams St.", "right_from_num": 31, "postdir": "", "right_zip": "02122", "left_state": "MA", "pretty_name": "14-53 Adams St.", "street_slug": "adams-st", "street": "ADAMS", "geom": "LINESTRING (-71.0627000000000066 42.3074930000000009, -71.0621790000000004 42.3068120000000008)", "right_state": "MA", "left_from_num": 14, "left_zip": "02122", "left_to_num": 36, "left_city": "BOSTON", "predir": ""}, "model": "streets.block", "pk": 20}, {"fields": {"from_num": 144, "right_city": "BOSTON", "right_to_num": 169, "to_num": 170, "suffix": "ST", "parent_id": null, "street_pretty_name": "Adams St.", "right_from_num": 147, "postdir": "", "right_zip": "02122", "left_state": "MA", "pretty_name": "144-170 Adams St.", "street_slug": "adams-st", "street": "ADAMS", "geom": "LINESTRING (-71.0608560000000011 42.3038619999999952, -71.0605759999999975 42.3031450000000007)", "right_state": "MA", "left_from_num": 144, "left_zip": "02122", "left_to_num": 170, "left_city": "BOSTON", "predir": ""}, "model": "streets.block", "pk": 115}, {"fields": {"from_num": 148, "right_city": "BOSTON", "right_to_num": 163, "to_num": 163, "suffix": "AVE", "parent_id": null, "street_pretty_name": "Chestnut Ave.", "right_from_num": 155, "postdir": "", "right_zip": "02130", "left_state": "MA", "pretty_name": "148-163 Chestnut Ave.", "street_slug": "chestnut-ave", "street": "CHESTNUT", "geom": "LINESTRING (-71.1064069999999901 42.3176269999999946, -71.1065959999999961 42.3173809999999975, -71.1066730000000007 42.3172679999999986)", "right_state": "MA", "left_from_num": 148, "left_zip": "02130", "left_to_num": 154, "left_city": "BOSTON", "predir": ""}, "model": "streets.block", "pk": 26}, {"fields": {"from_num": 1, "right_city": "BOSTON", "right_to_num": null, "to_num": 15, "suffix": "ST", "parent_id": null, "street_pretty_name": "Adams St.", "right_from_num": null, "postdir": "", "right_zip": "", "left_state": "MA", "pretty_name": "15 Adams St.", "street_slug": "adams-st", "street": "ADAMS", "geom": "LINESTRING (-71.0602429999999998 42.3747879999999952, -71.0597679999999912 42.3745619999999974, -71.0594179999999938 42.3743759999999980, -71.0593930000000000 42.3743659999999949)", "right_state": "MA", "left_from_num": 1, "left_zip": "02129", "left_to_num": 15, "left_city": "BOSTON", "predir": ""}, "model": "streets.block", "pk": 114}, {"fields": {"from_num": 13, "right_city": "BOSTON", "right_to_num": 15, "to_num": 15, "suffix": "ST", "parent_id": null, "street_pretty_name": "Chestnut St.", "right_from_num": 13, "postdir": "", "right_zip": "02136", "left_state": "MA", "pretty_name": "15 Chestnut St.", "street_slug": "chestnut-st", "street": "CHESTNUT", "geom": "LINESTRING (-71.1266760000000033 42.2594390000000004, -71.1268630000000002 42.2594479999999990)", "right_state": "MA", "left_from_num": null, "left_zip": "", "left_to_num": null, "left_city": "BOSTON", "predir": ""}, "model": "streets.block", "pk": 64}, {"fields": {"from_num": 156, "right_city": "BOSTON", "right_to_num": 175, "to_num": 186, "suffix": "AVE", "parent_id": null, "street_pretty_name": "Chestnut Ave.", "right_from_num": 165, "postdir": "", "right_zip": "02130", "left_state": "MA", "pretty_name": "156-186 Chestnut Ave.", "street_slug": "chestnut-ave", "street": "CHESTNUT", "geom": "LINESTRING (-71.1066730000000007 42.3172679999999986, -71.1068379999999962 42.3170149999999978, -71.1068920000000020 42.3168919999999957, -71.1070689999999956 42.3166109999999946)", "right_state": "MA", "left_from_num": 156, "left_zip": "02130", "left_to_num": 186, "left_city": "BOSTON", "predir": ""}, "model": "streets.block", "pk": 67}, {"fields": {"from_num": 17, "right_city": "BOSTON", "right_to_num": 23, "to_num": 34, "suffix": "ST", "parent_id": null, "street_pretty_name": "Chestnut St.", "right_from_num": 17, "postdir": "", "right_zip": "02108", "left_state": "MA", "pretty_name": "17-34 Chestnut St.", "street_slug": "chestnut-st", "street": "CHESTNUT", "geom": "LINESTRING (-71.0671669999999978 42.3576259999999962, -71.0672399999999982 42.3576100000000011, -71.0679399999999930 42.3574479999999980)", "right_state": "MA", "left_from_num": 24, "left_zip": "02108", "left_to_num": 34, "left_city": "BOSTON", "predir": ""}, "model": "streets.block", "pk": 121}, {"fields": {"from_num": 17, "right_city": "BOSTON", "right_to_num": 98, "to_num": 99, "suffix": "ST", "parent_id": null, "street_pretty_name": "Adams St.", "right_from_num": 22, "postdir": "", "right_zip": "02129", "left_state": "MA", "pretty_name": "17-99 Adams St.", "street_slug": "adams-st", "street": "ADAMS", "geom": "LINESTRING (-71.0589269999999971 42.3742729999999952, -71.0583329999999904 42.3743309999999980)", "right_state": "MA", "left_from_num": 17, "left_zip": "02129", "left_to_num": 99, "left_city": "BOSTON", "predir": ""}, "model": "streets.block", "pk": 98}, {"fields": {"from_num": 171, "right_city": "BOSTON", "right_to_num": 193, "to_num": 193, "suffix": "ST", "parent_id": null, "street_pretty_name": "Adams St.", "right_from_num": 171, "postdir": "", "right_zip": "02122", "left_state": "MA", "pretty_name": "171-193 Adams St.", "street_slug": "adams-st", "street": "ADAMS", "geom": "LINESTRING (-71.0605759999999975 42.3031450000000007, -71.0603210000000018 42.3025060000000011, -71.0601489999999956 42.3021499999999975)", "right_state": "MA", "left_from_num": 172, "left_zip": "02122", "left_to_num": 186, "left_city": "BOSTON", "predir": ""}, "model": "streets.block", "pk": 81}, {"fields": {"from_num": 18, "right_city": "BOSTON", "right_to_num": 21, "to_num": 21, "suffix": "ST", "parent_id": null, "street_pretty_name": "Chestnut St.", "right_from_num": 19, "postdir": "", "right_zip": "02129", "left_state": "MA", "pretty_name": "18-21 Chestnut St.", "street_slug": "chestnut-st", "street": "CHESTNUT", "geom": "LINESTRING (-71.0588879999999961 42.3741130000000013, -71.0589269999999971 42.3742729999999952)", "right_state": "MA", "left_from_num": 18, "left_zip": "02129", "left_to_num": 20, "left_city": "BOSTON", "predir": ""}, "model": "streets.block", "pk": 113}, {"fields": {"from_num": 18, "right_city": "BOSTON", "right_to_num": 99, "to_num": 99, "suffix": "ST", "parent_id": null, "street_pretty_name": "Chestnut St.", "right_from_num": 23, "postdir": "", "right_zip": "02136", "left_state": "MA", "pretty_name": "18-99 Chestnut St.", "street_slug": "chestnut-st", "street": "CHESTNUT", "geom": "LINESTRING (-71.1273359999999997 42.2594719999999953, -71.1276359999999954 42.2594989999999981, -71.1280780000000021 42.2595309999999955)", "right_state": "MA", "left_from_num": 18, "left_zip": "02136", "left_to_num": 98, "left_city": "BOSTON", "predir": ""}, "model": "streets.block", "pk": 75}, {"fields": {"from_num": 177, "right_city": "BOSTON", "right_to_num": 187, "to_num": 187, "suffix": "AVE", "parent_id": null, "street_pretty_name": "Chestnut Ave.", "right_from_num": 177, "postdir": "", "right_zip": "02130", "left_state": "MA", "pretty_name": "187 Chestnut Ave.", "street_slug": "chestnut-ave", "street": "CHESTNUT", "geom": "LINESTRING (-71.1070689999999956 42.3166109999999946, -71.1072360000000003 42.3163769999999957)", "right_state": "MA", "left_from_num": null, "left_zip": "", "left_to_num": null, "left_city": "BOSTON", "predir": ""}, "model": "streets.block", "pk": 68}, {"fields": {"from_num": 188, "right_city": "BOSTON", "right_to_num": 213, "to_num": 213, "suffix": "ST", "parent_id": null, "street_pretty_name": "Adams St.", "right_from_num": 195, "postdir": "", "right_zip": "02122", "left_state": "MA", "pretty_name": "188-213 Adams St.", "street_slug": "adams-st", "street": "ADAMS", "geom": "LINESTRING (-71.0601489999999956 42.3021499999999975, -71.0599089999999904 42.3017359999999982)", "right_state": "MA", "left_from_num": 188, "left_zip": "02122", "left_to_num": 210, "left_city": "BOSTON", "predir": ""}, "model": "streets.block", "pk": 17}, {"fields": {"from_num": 189, "right_city": "BOSTON", "right_to_num": 191, "to_num": 196, "suffix": "AVE", "parent_id": null, "street_pretty_name": "Chestnut Ave.", "right_from_num": 189, "postdir": "", "right_zip": "02130", "left_state": "MA", "pretty_name": "189-196 Chestnut Ave.", "street_slug": "chestnut-ave", "street": "CHESTNUT", "geom": "LINESTRING (-71.1072360000000003 42.3163769999999957, -71.1074339999999978 42.3160469999999975)", "right_state": "MA", "left_from_num": 190, "left_zip": "02130", "left_to_num": 196, "left_city": "BOSTON", "predir": ""}, "model": "streets.block", "pk": 32}, {"fields": {"from_num": 193, "right_city": "BOSTON", "right_to_num": 197, "to_num": 202, "suffix": "AVE", "parent_id": null, "street_pretty_name": "Chestnut Ave.", "right_from_num": 193, "postdir": "", "right_zip": "02130", "left_state": "MA", "pretty_name": "193-202 Chestnut Ave.", "street_slug": "chestnut-ave", "street": "CHESTNUT", "geom": "LINESTRING (-71.1074339999999978 42.3160469999999975, -71.1076369999999969 42.3157080000000008)", "right_state": "MA", "left_from_num": 198, "left_zip": "02130", "left_to_num": 202, "left_city": "BOSTON", "predir": ""}, "model": "streets.block", "pk": 77}, {"fields": {"from_num": 14, "right_city": "BOSTON", "right_to_num": 20, "to_num": 20, "suffix": "ST", "parent_id": null, "street_pretty_name": "Adams St.", "right_from_num": 14, "postdir": "", "right_zip": "02129", "left_state": "MA", "pretty_name": "20 Adams St.", "street_slug": "adams-st", "street": "ADAMS", "geom": "LINESTRING (-71.0593930000000000 42.3743659999999949, -71.0591659999999905 42.3742739999999998, -71.0589269999999971 42.3742729999999952)", "right_state": "MA", "left_from_num": null, "left_zip": "", "left_to_num": null, "left_city": "BOSTON", "predir": ""}, "model": "streets.block", "pk": 99}, {"fields": {"from_num": 201, "right_city": "BOSTON", "right_to_num": 225, "to_num": 232, "suffix": "AVE", "parent_id": null, "street_pretty_name": "Chestnut Ave.", "right_from_num": 201, "postdir": "", "right_zip": "02130", "left_state": "MA", "pretty_name": "201-232 Chestnut Ave.", "street_slug": "chestnut-ave", "street": "CHESTNUT", "geom": "LINESTRING (-71.1080109999999905 42.3150499999999994, -71.1081130000000030 42.3145999999999987, -71.1081459999999907 42.3143850000000015)", "right_state": "MA", "left_from_num": 216, "left_zip": "02130", "left_to_num": 232, "left_city": "BOSTON", "predir": ""}, "model": "streets.block", "pk": 107}, {"fields": {"from_num": 21, "right_city": "BOSTON", "right_to_num": 31, "to_num": 31, "suffix": "AVE", "parent_id": null, "street_pretty_name": "Chestnut Ave.", "right_from_num": 21, "postdir": "", "right_zip": "02130", "left_state": "MA", "pretty_name": "21-31 Chestnut Ave.", "street_slug": "chestnut-ave", "street": "CHESTNUT", "geom": "LINESTRING (-71.1021700000000010 42.3219039999999964, -71.1022770000000008 42.3217369999999988, -71.1025190000000009 42.3214049999999986, -71.1026799999999923 42.3212189999999993)", "right_state": "MA", "left_from_num": 26, "left_zip": "02130", "left_to_num": 30, "left_city": "BOSTON", "predir": ""}, "model": "streets.block", "pk": 126}, {"fields": {"from_num": 21, "right_city": "BOSTON", "right_to_num": 37, "to_num": 42, "suffix": "ST", "parent_id": null, "street_pretty_name": "Adams St.", "right_from_num": 21, "postdir": "", "right_zip": "02119", "left_state": "MA", "pretty_name": "21-42 Adams St.", "street_slug": "adams-st", "street": "ADAMS", "geom": "LINESTRING (-71.0762639999999948 42.3287300000000002, -71.0768109999999922 42.3282949999999971)", "right_state": "MA", "left_from_num": 24, "left_zip": "02119", "left_to_num": 42, "left_city": "BOSTON", "predir": ""}, "model": "streets.block", "pk": 18}, {"fields": {"from_num": 212, "right_city": "BOSTON", "right_to_num": 223, "to_num": 223, "suffix": "ST", "parent_id": null, "street_pretty_name": "Adams St.", "right_from_num": 215, "postdir": "", "right_zip": "02122", "left_state": "MA", "pretty_name": "212-223 Adams St.", "street_slug": "adams-st", "street": "ADAMS", "geom": "LINESTRING (-71.0599089999999904 42.3017359999999982, -71.0597959999999915 42.3015380000000007)", "right_state": "MA", "left_from_num": 212, "left_zip": "02122", "left_to_num": 222, "left_city": "BOSTON", "predir": ""}, "model": "streets.block", "pk": 132}, {"fields": {"from_num": 204, "right_city": "BOSTON", "right_to_num": null, "to_num": 214, "suffix": "AVE", "parent_id": null, "street_pretty_name": "Chestnut Ave.", "right_from_num": null, "postdir": "", "right_zip": "", "left_state": "MA", "pretty_name": "214 Chestnut Ave.", "street_slug": "chestnut-ave", "street": "CHESTNUT", "geom": "LINESTRING (-71.1076369999999969 42.3157080000000008, -71.1078469999999925 42.3153549999999967, -71.1079059999999998 42.3152679999999961, -71.1080029999999965 42.3150849999999963, -71.1080109999999905 42.3150499999999994)", "right_state": "MA", "left_from_num": 204, "left_zip": "02130", "left_to_num": 214, "left_city": "BOSTON", "predir": ""}, "model": "streets.block", "pk": 78}, {"fields": {"from_num": 22, "right_city": "BOSTON", "right_to_num": 45, "to_num": 45, "suffix": "ST", "parent_id": null, "street_pretty_name": "Chestnut St.", "right_from_num": 23, "postdir": "", "right_zip": "02129", "left_state": "MA", "pretty_name": "22-45 Chestnut St.", "street_slug": "chestnut-st", "street": "CHESTNUT", "geom": "LINESTRING (-71.0589269999999971 42.3742729999999952, -71.0589899999999943 42.3746030000000005, -71.0591419999999943 42.3751989999999950)", "right_state": "MA", "left_from_num": 22, "left_zip": "02129", "left_to_num": 38, "left_city": "BOSTON", "predir": ""}, "model": "streets.block", "pk": 19}, {"fields": {"from_num": 224, "right_city": "BOSTON", "right_to_num": 233, "to_num": 233, "suffix": "ST", "parent_id": null, "street_pretty_name": "Adams St.", "right_from_num": 225, "postdir": "", "right_zip": "02122", "left_state": "MA", "pretty_name": "224-233 Adams St.", "street_slug": "adams-st", "street": "ADAMS", "geom": "LINESTRING (-71.0597959999999915 42.3015380000000007, -71.0596129999999988 42.3012450000000015)", "right_state": "MA", "left_from_num": 224, "left_zip": "02122", "left_to_num": 232, "left_city": "BOSTON", "predir": ""}, "model": "streets.block", "pk": 3}, {"fields": {"from_num": 224, "right_city": "BOSTON", "right_to_num": 287, "to_num": 287, "suffix": "ST", "parent_id": null, "street_pretty_name": "Chestnut St.", "right_from_num": 281, "postdir": "", "right_zip": "02130", "left_state": "", "pretty_name": "224-287 Chestnut St.", "street_slug": "chestnut-st", "street": "CHESTNUT", "geom": "LINESTRING (-71.1195859999999982 42.3226849999999999, -71.1195790000000017 42.3226590000000016, -71.1195570000000004 42.3225780000000000, -71.1195500000000038 42.3225509999999971)", "right_state": "MA", "left_from_num": 224, "left_zip": "02445", "left_to_num": 286, "left_city": "", "predir": ""}, "model": "streets.block", "pk": 72}, {"fields": {"from_num": 227, "right_city": "BOSTON", "right_to_num": 239, "to_num": 258, "suffix": "AVE", "parent_id": null, "street_pretty_name": "Chestnut Ave.", "right_from_num": 227, "postdir": "", "right_zip": "02130", "left_state": "MA", "pretty_name": "227-258 Chestnut Ave.", "street_slug": "chestnut-ave", "street": "CHESTNUT", "geom": "LINESTRING (-71.1081459999999907 42.3143850000000015, -71.1081580000000031 42.3142199999999988, -71.1081799999999902 42.3141679999999951, -71.1082679999999954 42.3140369999999990, -71.1083359999999942 42.3139210000000006, -71.1084379999999925 42.3137970000000010, -71.1088479999999947 42.3134359999999958)", "right_state": "MA", "left_from_num": 234, "left_zip": "02130", "left_to_num": 258, "left_city": "BOSTON", "predir": ""}, "model": "streets.block", "pk": 137}, {"fields": {"from_num": 234, "right_city": "BOSTON", "right_to_num": 253, "to_num": 253, "suffix": "ST", "parent_id": null, "street_pretty_name": "Adams St.", "right_from_num": 235, "postdir": "", "right_zip": "02122", "left_state": "MA", "pretty_name": "234-253 Adams St.", "street_slug": "adams-st", "street": "ADAMS", "geom": "LINESTRING (-71.0596129999999988 42.3012450000000015, -71.0592259999999953 42.3006189999999975)", "right_state": "MA", "left_from_num": 234, "left_zip": "02122", "left_to_num": 250, "left_city": "BOSTON", "predir": ""}, "model": "streets.block", "pk": 51}, {"fields": {"from_num": 241, "right_city": "BOSTON", "right_to_num": 249, "to_num": 272, "suffix": "AVE", "parent_id": null, "street_pretty_name": "Chestnut Ave.", "right_from_num": 241, "postdir": "", "right_zip": "02130", "left_state": "MA", "pretty_name": "241-272 Chestnut Ave.", "street_slug": "chestnut-ave", "street": "CHESTNUT", "geom": "LINESTRING (-71.1088479999999947 42.3134359999999958, -71.1090299999999900 42.3133169999999978)", "right_state": "MA", "left_from_num": 260, "left_zip": "02130", "left_to_num": 272, "left_city": "BOSTON", "predir": ""}, "model": "streets.block", "pk": 8}, {"fields": {"from_num": 229, "right_city": "BOSTON", "right_to_num": 245, "to_num": 245, "suffix": "ST", "parent_id": null, "street_pretty_name": "Chestnut St.", "right_from_num": 229, "postdir": "", "right_zip": "02130", "left_state": "", "pretty_name": "245 Chestnut St.", "street_slug": "chestnut-st", "street": "CHESTNUT", "geom": "LINESTRING (-71.1203709999999916 42.3229210000000009, -71.1201799999999906 42.3228539999999995)", "right_state": "MA", "left_from_num": null, "left_zip": "", "left_to_num": null, "left_city": "", "predir": ""}, "model": "streets.block", "pk": 16}, {"fields": {"from_num": 25, "right_city": "BOSTON", "right_to_num": 37, "to_num": 46, "suffix": "ST", "parent_id": null, "street_pretty_name": "Chestnut St.", "right_from_num": 25, "postdir": "", "right_zip": "02108", "left_state": "MA", "pretty_name": "25-46 Chestnut St.", "street_slug": "chestnut-st", "street": "CHESTNUT", "geom": "LINESTRING (-71.0679399999999930 42.3574479999999980, -71.0682719999999932 42.3573749999999976)", "right_state": "MA", "left_from_num": 36, "left_zip": "02108", "left_to_num": 46, "left_city": "BOSTON", "predir": ""}, "model": "streets.block", "pk": 124}, {"fields": {"from_num": 251, "right_city": "BOSTON", "right_to_num": 289, "to_num": 298, "suffix": "AVE", "parent_id": null, "street_pretty_name": "Chestnut Ave.", "right_from_num": 251, "postdir": "", "right_zip": "02130", "left_state": "MA", "pretty_name": "251-298 Chestnut Ave.", "street_slug": "chestnut-ave", "street": "CHESTNUT", "geom": "LINESTRING (-71.1090299999999900 42.3133169999999978, -71.1092439999999897 42.3131939999999958, -71.1093729999999908 42.3131399999999971, -71.1094899999999939 42.3131039999999956, -71.1096209999999900 42.3130729999999957, -71.1096849999999989 42.3130489999999995, -71.1098829999999964 42.3129069999999956, -71.1100550000000027 42.3127209999999963, -71.1104359999999929 42.3123439999999960, -71.1104849999999971 42.3122940000000014)", "right_state": "MA", "left_from_num": 274, "left_zip": "02130", "left_to_num": 298, "left_city": "BOSTON", "predir": ""}, "model": "streets.block", "pk": 61}, {"fields": {"from_num": 252, "right_city": "BOSTON", "right_to_num": 263, "to_num": 263, "suffix": "ST", "parent_id": null, "street_pretty_name": "Adams St.", "right_from_num": 255, "postdir": "", "right_zip": "02122", "left_state": "MA", "pretty_name": "252-263 Adams St.", "street_slug": "adams-st", "street": "ADAMS", "geom": "LINESTRING (-71.0592259999999953 42.3006189999999975, -71.0590479999999900 42.3003439999999955, -71.0590419999999909 42.3003329999999949)", "right_state": "MA", "left_from_num": 252, "left_zip": "02122", "left_to_num": 260, "left_city": "BOSTON", "predir": ""}, "model": "streets.block", "pk": 79}, {"fields": {"from_num": 247, "right_city": "BOSTON", "right_to_num": 259, "to_num": 259, "suffix": "ST", "parent_id": null, "street_pretty_name": "Chestnut St.", "right_from_num": 247, "postdir": "", "right_zip": "02130", "left_state": "", "pretty_name": "259 Chestnut St.", "street_slug": "chestnut-st", "street": "CHESTNUT", "geom": "LINESTRING (-71.1201799999999906 42.3228539999999995, -71.1201259999999991 42.3228389999999948, -71.1200439999999929 42.3228159999999960, -71.1199629999999985 42.3227929999999972, -71.1199089999999927 42.3227769999999950)", "right_state": "MA", "left_from_num": null, "left_zip": "", "left_to_num": null, "left_city": "", "predir": ""}, "model": "streets.block", "pk": 70}, {"fields": {"from_num": 262, "right_city": "BOSTON", "right_to_num": 273, "to_num": 278, "suffix": "ST", "parent_id": null, "street_pretty_name": "Adams St.", "right_from_num": 265, "postdir": "", "right_zip": "02122", "left_state": "MA", "pretty_name": "262-278 Adams St.", "street_slug": "adams-st", "street": "ADAMS", "geom": "LINESTRING (-71.0590419999999909 42.3003329999999949, -71.0589930000000010 42.3002380000000002, -71.0587979999999959 42.2999849999999995)", "right_state": "MA", "left_from_num": 262, "left_zip": "02122", "left_to_num": 278, "left_city": "BOSTON", "predir": ""}, "model": "streets.block", "pk": 100}, {"fields": {"from_num": 261, "right_city": "BOSTON", "right_to_num": 263, "to_num": 263, "suffix": "ST", "parent_id": null, "street_pretty_name": "Chestnut St.", "right_from_num": 261, "postdir": "", "right_zip": "02130", "left_state": "", "pretty_name": "263 Chestnut St.", "street_slug": "chestnut-st", "street": "CHESTNUT", "geom": "LINESTRING (-71.1199089999999927 42.3227769999999950, -71.1198579999999936 42.3227619999999973)", "right_state": "MA", "left_from_num": null, "left_zip": "", "left_to_num": null, "left_city": "", "predir": ""}, "model": "streets.block", "pk": 47}, {"fields": {"from_num": 265, "right_city": "BOSTON", "right_to_num": 267, "to_num": 267, "suffix": "ST", "parent_id": null, "street_pretty_name": "Chestnut St.", "right_from_num": 265, "postdir": "", "right_zip": "02130", "left_state": "", "pretty_name": "267 Chestnut St.", "street_slug": "chestnut-st", "street": "CHESTNUT", "geom": "LINESTRING (-71.1198579999999936 42.3227619999999973, -71.1198040000000020 42.3227459999999951, -71.1197889999999973 42.3227419999999981)", "right_state": "MA", "left_from_num": null, "left_zip": "", "left_to_num": null, "left_city": "", "predir": ""}, "model": "streets.block", "pk": 71}, {"fields": {"from_num": 275, "right_city": "BOSTON", "right_to_num": 289, "to_num": 294, "suffix": "ST", "parent_id": null, "street_pretty_name": "Adams St.", "right_from_num": 275, "postdir": "", "right_zip": "02122", "left_state": "MA", "pretty_name": "275-294 Adams St.", "street_slug": "adams-st", "street": "ADAMS", "geom": "LINESTRING (-71.0587979999999959 42.2999849999999995, -71.0586729999999989 42.2998130000000003, -71.0585700000000031 42.2996909999999957, -71.0581059999999951 42.2993039999999993)", "right_state": "MA", "left_from_num": 280, "left_zip": "02122", "left_to_num": 294, "left_city": "BOSTON", "predir": ""}, "model": "streets.block", "pk": 134}, {"fields": {"from_num": 269, "right_city": "BOSTON", "right_to_num": 279, "to_num": 279, "suffix": "ST", "parent_id": null, "street_pretty_name": "Chestnut St.", "right_from_num": 269, "postdir": "", "right_zip": "02130", "left_state": "", "pretty_name": "279 Chestnut St.", "street_slug": "chestnut-st", "street": "CHESTNUT", "geom": "LINESTRING (-71.1197889999999973 42.3227419999999981, -71.1196410000000014 42.3227000000000046, -71.1195859999999982 42.3226849999999999)", "right_state": "MA", "left_from_num": null, "left_zip": "", "left_to_num": null, "left_city": "", "predir": ""}, "model": "streets.block", "pk": 91}, {"fields": {"from_num": 291, "right_city": "BOSTON", "right_to_num": 299, "to_num": 310, "suffix": "ST", "parent_id": null, "street_pretty_name": "Adams St.", "right_from_num": 291, "postdir": "", "right_zip": "02122", "left_state": "MA", "pretty_name": "291-310 Adams St.", "street_slug": "adams-st", "street": "ADAMS", "geom": "LINESTRING (-71.0581059999999951 42.2993039999999993, -71.0577159999999992 42.2989929999999958, -71.0574659999999909 42.2987589999999969)", "right_state": "MA", "left_from_num": 296, "left_zip": "02122", "left_to_num": 310, "left_city": "BOSTON", "predir": ""}, "model": "streets.block", "pk": 4}, {"fields": {"from_num": 291, "right_city": "BOSTON", "right_to_num": 319, "to_num": 319, "suffix": "AVE", "parent_id": null, "street_pretty_name": "Chestnut Ave.", "right_from_num": 291, "postdir": "", "right_zip": "02130", "left_state": "MA", "pretty_name": "291-319 Chestnut Ave.", "street_slug": "chestnut-ave", "street": "CHESTNUT", "geom": "LINESTRING (-71.1104849999999971 42.3122940000000014, -71.1107119999999924 42.3120609999999999)", "right_state": "MA", "left_from_num": 300, "left_zip": "02130", "left_to_num": 318, "left_city": "BOSTON", "predir": ""}, "model": "streets.block", "pk": 106}, {"fields": {"from_num": 3, "right_city": "BOSTON", "right_to_num": 99, "to_num": 99, "suffix": "TER", "parent_id": null, "street_pretty_name": "Chestnut Ter.", "right_from_num": 3, "postdir": "", "right_zip": "02130", "left_state": "MA", "pretty_name": "3-99 Chestnut Ter.", "street_slug": "chestnut-ter", "street": "CHESTNUT", "geom": "LINESTRING (-71.1062639999999959 42.3156430000000015, -71.1065600000000018 42.3157369999999986)", "right_state": "MA", "left_from_num": 8, "left_zip": "02130", "left_to_num": 98, "left_city": "BOSTON", "predir": ""}, "model": "streets.block", "pk": 9}, {"fields": {"from_num": 300, "right_city": "BOSTON", "right_to_num": 399, "to_num": 399, "suffix": "ST", "parent_id": null, "street_pretty_name": "Chestnut St.", "right_from_num": 351, "postdir": "", "right_zip": "02130", "left_state": "MA", "pretty_name": "300-399 Chestnut St.", "street_slug": "chestnut-st", "street": "CHESTNUT", "geom": "LINESTRING (-71.1196180000000027 42.3214550000000003, -71.1195489999999921 42.3218199999999953)", "right_state": "MA", "left_from_num": 300, "left_zip": "02130", "left_to_num": 398, "left_city": "BOSTON", "predir": ""}, "model": "streets.block", "pk": 13}, {"fields": {"from_num": 301, "right_city": "BOSTON", "right_to_num": 327, "to_num": 327, "suffix": "ST", "parent_id": null, "street_pretty_name": "Adams St.", "right_from_num": 301, "postdir": "", "right_zip": "02122", "left_state": "MA", "pretty_name": "301-327 Adams St.", "street_slug": "adams-st", "street": "ADAMS", "geom": "LINESTRING (-71.0574659999999909 42.2987589999999969, -71.0572810000000032 42.2985509999999962, -71.0571570000000037 42.2983709999999959, -71.0570479999999947 42.2982379999999978)", "right_state": "MA", "left_from_num": 312, "left_zip": "02122", "left_to_num": 326, "left_city": "BOSTON", "predir": ""}, "model": "streets.block", "pk": 40}, {"fields": {"from_num": 32, "right_city": "BOSTON", "right_to_num": 39, "to_num": 39, "suffix": "AVE", "parent_id": null, "street_pretty_name": "Chestnut Ave.", "right_from_num": 33, "postdir": "", "right_zip": "02130", "left_state": "MA", "pretty_name": "32-39 Chestnut Ave.", "street_slug": "chestnut-ave", "street": "CHESTNUT", "geom": "LINESTRING (-71.1026799999999923 42.3212189999999993, -71.1031579999999934 42.3206719999999947)", "right_state": "MA", "left_from_num": 32, "left_zip": "02130", "left_to_num": 38, "left_city": "BOSTON", "predir": ""}, "model": "streets.block", "pk": 27}, {"fields": {"from_num": 32, "right_city": "BOSTON", "right_to_num": 53, "to_num": 53, "suffix": "RD", "parent_id": null, "street_pretty_name": "Chestnut Rd.", "right_from_num": 33, "postdir": "", "right_zip": "02132", "left_state": "MA", "pretty_name": "32-53 Chestnut Rd.", "street_slug": "chestnut-rd", "street": "CHESTNUT", "geom": "LINESTRING (-71.1603420000000000 42.2646499999999961, -71.1603169999999920 42.2646259999999998, -71.1599649999999997 42.2643409999999946)", "right_state": "MA", "left_from_num": 32, "left_zip": "02132", "left_to_num": 42, "left_city": "BOSTON", "predir": ""}, "model": "streets.block", "pk": 34}, {"fields": {"from_num": 289, "right_city": "BOSTON", "right_to_num": 323, "to_num": 323, "suffix": "ST", "parent_id": null, "street_pretty_name": "Chestnut St.", "right_from_num": 289, "postdir": "", "right_zip": "02130", "left_state": "MA", "pretty_name": "323 Chestnut St.", "street_slug": "chestnut-st", "street": "CHESTNUT", "geom": "LINESTRING (-71.1195500000000038 42.3225509999999971, -71.1195159999999902 42.3223720000000014, -71.1195249999999959 42.3222609999999975)", "right_state": "MA", "left_from_num": null, "left_zip": "", "left_to_num": null, "left_city": "BOSTON", "predir": ""}, "model": "streets.block", "pk": 97}, {"fields": {"from_num": 328, "right_city": "BOSTON", "right_to_num": 339, "to_num": 342, "suffix": "ST", "parent_id": null, "street_pretty_name": "Adams St.", "right_from_num": 329, "postdir": "", "right_zip": "02122", "left_state": "MA", "pretty_name": "328-342 Adams St.", "street_slug": "adams-st", "street": "ADAMS", "geom": "LINESTRING (-71.0570479999999947 42.2982379999999978, -71.0568189999999902 42.2979169999999982)", "right_state": "MA", "left_from_num": 328, "left_zip": "02122", "left_to_num": 342, "left_city": "BOSTON", "predir": ""}, "model": "streets.block", "pk": 41}, {"fields": {"from_num": 341, "right_city": "BOSTON", "right_to_num": 357, "to_num": 368, "suffix": "ST", "parent_id": null, "street_pretty_name": "Adams St.", "right_from_num": 341, "postdir": "", "right_zip": "02122", "left_state": "MA", "pretty_name": "341-368 Adams St.", "street_slug": "adams-st", "street": "ADAMS", "geom": "LINESTRING (-71.0568189999999902 42.2979169999999982, -71.0567229999999910 42.2975549999999956, -71.0566589999999962 42.2972759999999965)", "right_state": "MA", "left_from_num": 344, "left_zip": "02122", "left_to_num": 368, "left_city": "BOSTON", "predir": ""}, "model": "streets.block", "pk": 48}, {"fields": {"from_num": 325, "right_city": "BOSTON", "right_to_num": 349, "to_num": 349, "suffix": "ST", "parent_id": null, "street_pretty_name": "Chestnut St.", "right_from_num": 325, "postdir": "", "right_zip": "02130", "left_state": "MA", "pretty_name": "349 Chestnut St.", "street_slug": "chestnut-st", "street": "CHESTNUT", "geom": "LINESTRING (-71.1195249999999959 42.3222609999999975, -71.1195149999999927 42.3220549999999989)", "right_state": "MA", "left_from_num": null, "left_zip": "", "left_to_num": null, "left_city": "BOSTON", "predir": ""}, "model": "streets.block", "pk": 69}, {"fields": {"from_num": 359, "right_city": "BOSTON", "right_to_num": 377, "to_num": 384, "suffix": "ST", "parent_id": null, "street_pretty_name": "Adams St.", "right_from_num": 359, "postdir": "", "right_zip": "02122", "left_state": "MA", "pretty_name": "359-384 Adams St.", "street_slug": "adams-st", "street": "ADAMS", "geom": "LINESTRING (-71.0566589999999962 42.2972759999999965, -71.0565259999999910 42.2967189999999960, -71.0564569999999947 42.2963699999999960)", "right_state": "MA", "left_from_num": 370, "left_zip": "02122", "left_to_num": 384, "left_city": "BOSTON", "predir": ""}, "model": "streets.block", "pk": 52}, {"fields": {"from_num": 36, "right_city": "BOSTON", "right_to_num": 36, "to_num": 99, "suffix": "SQ", "parent_id": null, "street_pretty_name": "Chestnut Sq.", "right_from_num": 68, "postdir": "", "right_zip": "02130", "left_state": "MA", "pretty_name": "36-99 Chestnut Sq.", "street_slug": "chestnut-sq", "street": "CHESTNUT", "geom": "LINESTRING (-71.1073700000000031 42.3146300000000011, -71.1071919999999977 42.3147499999999965, -71.1070689999999956 42.3148619999999980, -71.1069159999999982 42.3150419999999983)", "right_state": "MA", "left_from_num": 99, "left_zip": "02130", "left_to_num": 41, "left_city": "BOSTON", "predir": ""}, "model": "streets.block", "pk": 96}, {"fields": {"from_num": 379, "right_city": "BOSTON", "right_to_num": 389, "to_num": 396, "suffix": "ST", "parent_id": null, "street_pretty_name": "Adams St.", "right_from_num": 379, "postdir": "", "right_zip": "02122", "left_state": "MA", "pretty_name": "379-396 Adams St.", "street_slug": "adams-st", "street": "ADAMS", "geom": "LINESTRING (-71.0564569999999947 42.2963699999999960, -71.0562649999999962 42.2957619999999963)", "right_state": "MA", "left_from_num": 386, "left_zip": "02122", "left_to_num": 396, "left_city": "BOSTON", "predir": ""}, "model": "streets.block", "pk": 42}, {"fields": {"from_num": 38, "right_city": "BOSTON", "right_to_num": 71, "to_num": 71, "suffix": "ST", "parent_id": null, "street_pretty_name": "Adams St.", "right_from_num": 55, "postdir": "", "right_zip": "02122", "left_state": "MA", "pretty_name": "38-71 Adams St.", "street_slug": "adams-st", "street": "ADAMS", "geom": "LINESTRING (-71.0621790000000004 42.3068120000000008, -71.0619429999999994 42.3064000000000036)", "right_state": "MA", "left_from_num": 38, "left_zip": "02122", "left_to_num": 68, "left_city": "BOSTON", "predir": ""}, "model": "streets.block", "pk": 38}, {"fields": {"from_num": 39, "right_city": "BOSTON", "right_to_num": 57, "to_num": 57, "suffix": "ST", "parent_id": null, "street_pretty_name": "Chestnut St.", "right_from_num": 39, "postdir": "", "right_zip": "02108", "left_state": "MA", "pretty_name": "39-57 Chestnut St.", "street_slug": "chestnut-st", "street": "CHESTNUT", "geom": "LINESTRING (-71.0682719999999932 42.3573749999999976, -71.0684540000000027 42.3573449999999951, -71.0691300000000012 42.3571969999999993)", "right_state": "MA", "left_from_num": 48, "left_zip": "02108", "left_to_num": 56, "left_city": "BOSTON", "predir": ""}, "model": "streets.block", "pk": 66}, {"fields": {"from_num": 39, "right_city": "BOSTON", "right_to_num": 71, "to_num": 71, "suffix": "ST", "parent_id": null, "street_pretty_name": "Adams St.", "right_from_num": 39, "postdir": "", "right_zip": "02119", "left_state": "MA", "pretty_name": "39-71 Adams St.", "street_slug": "adams-st", "street": "ADAMS", "geom": "LINESTRING (-71.0768109999999922 42.3282949999999971, -71.0770049999999998 42.3281419999999997, -71.0774380000000008 42.3277459999999977)", "right_state": "MA", "left_from_num": 44, "left_zip": "02119", "left_to_num": 70, "left_city": "BOSTON", "predir": ""}, "model": "streets.block", "pk": 11}, {"fields": {"from_num": 391, "right_city": "BOSTON", "right_to_num": 401, "to_num": 404, "suffix": "ST", "parent_id": null, "street_pretty_name": "Adams St.", "right_from_num": 391, "postdir": "", "right_zip": "02122", "left_state": "MA", "pretty_name": "391-404 Adams St.", "street_slug": "adams-st", "street": "ADAMS", "geom": "LINESTRING (-71.0562649999999962 42.2957619999999963, -71.0562329999999918 42.2956229999999991, -71.0562209999999936 42.2955459999999945)", "right_state": "MA", "left_from_num": 398, "left_zip": "02122", "left_to_num": 404, "left_city": "BOSTON", "predir": ""}, "model": "streets.block", "pk": 5}, {"fields": {"from_num": 2, "right_city": "BOSTON", "right_to_num": null, "to_num": 4, "suffix": "ST", "parent_id": null, "street_pretty_name": "Adams St.", "right_from_num": null, "postdir": "", "right_zip": "", "left_state": "MA", "pretty_name": "4 Adams St.", "street_slug": "adams-st", "street": "ADAMS", "geom": "LINESTRING (-71.0642089999999911 42.3088440000000006, -71.0641059999999953 42.3086369999999974, -71.0639070000000004 42.3083469999999977)", "right_state": "MA", "left_from_num": 2, "left_zip": "02122", "left_to_num": 4, "left_city": "BOSTON", "predir": ""}, "model": "streets.block", "pk": 37}, {"fields": {"from_num": 40, "right_city": "BOSTON", "right_to_num": 57, "to_num": 57, "suffix": "AVE", "parent_id": null, "street_pretty_name": "Chestnut Ave.", "right_from_num": 41, "postdir": "", "right_zip": "02130", "left_state": "MA", "pretty_name": "40-57 Chestnut Ave.", "street_slug": "chestnut-ave", "street": "CHESTNUT", "geom": "LINESTRING (-71.1031579999999934 42.3206719999999947, -71.1033839999999913 42.3204029999999989)", "right_state": "MA", "left_from_num": 40, "left_zip": "02130", "left_to_num": 52, "left_city": "BOSTON", "predir": ""}, "model": "streets.block", "pk": 12}, {"fields": {"from_num": 40, "right_city": "BOSTON", "right_to_num": 63, "to_num": 63, "suffix": "ST", "parent_id": null, "street_pretty_name": "Chestnut St.", "right_from_num": 47, "postdir": "", "right_zip": "02129", "left_state": "MA", "pretty_name": "40-63 Chestnut St.", "street_slug": "chestnut-st", "street": "CHESTNUT", "geom": "LINESTRING (-71.0591419999999943 42.3751989999999950, -71.0592559999999906 42.3756449999999987, -71.0593259999999987 42.3758300000000006)", "right_state": "MA", "left_from_num": 40, "left_zip": "02129", "left_to_num": 58, "left_city": "BOSTON", "predir": ""}, "model": "streets.block", "pk": 129}, {"fields": {"from_num": 403, "right_city": "BOSTON", "right_to_num": 415, "to_num": 415, "suffix": "ST", "parent_id": null, "street_pretty_name": "Adams St.", "right_from_num": 403, "postdir": "", "right_zip": "02122", "left_state": "MA", "pretty_name": "403-415 Adams St.", "street_slug": "adams-st", "street": "ADAMS", "geom": "LINESTRING (-71.0562209999999936 42.2955459999999945, -71.0561950000000024 42.2953830000000011, -71.0562139999999971 42.2952060000000003)", "right_state": "MA", "left_from_num": 406, "left_zip": "02122", "left_to_num": 412, "left_city": "BOSTON", "predir": ""}, "model": "streets.block", "pk": 22}, {"fields": {"from_num": 414, "right_city": "BOSTON", "right_to_num": 433, "to_num": 433, "suffix": "ST", "parent_id": null, "street_pretty_name": "Adams St.", "right_from_num": 417, "postdir": "", "right_zip": "02122", "left_state": "MA", "pretty_name": "414-433 Adams St.", "street_slug": "adams-st", "street": "ADAMS", "geom": "LINESTRING (-71.0562139999999971 42.2952060000000003, -71.0562209999999936 42.2951529999999991, -71.0562510000000032 42.2950260000000000)", "right_state": "MA", "left_from_num": 414, "left_zip": "02122", "left_to_num": 416, "left_city": "BOSTON", "predir": ""}, "model": "streets.block", "pk": 43}, {"fields": {"from_num": 418, "right_city": "BOSTON", "right_to_num": 447, "to_num": 448, "suffix": "ST", "parent_id": null, "street_pretty_name": "Adams St.", "right_from_num": 435, "postdir": "", "right_zip": "02122", "left_state": "MA", "pretty_name": "418-448 Adams St.", "street_slug": "adams-st", "street": "ADAMS", "geom": "LINESTRING (-71.0562510000000032 42.2950260000000000, -71.0564559999999972 42.2946609999999978, -71.0566769999999934 42.2943179999999970, -71.0569169999999986 42.2939799999999977)", "right_state": "MA", "left_from_num": 418, "left_zip": "02122", "left_to_num": 448, "left_city": "BOSTON", "predir": ""}, "model": "streets.block", "pk": 53}, {"fields": {"from_num": 44, "right_city": "BOSTON", "right_to_num": 99, "to_num": 99, "suffix": "RD", "parent_id": null, "street_pretty_name": "Chestnut Rd.", "right_from_num": 55, "postdir": "", "right_zip": "02132", "left_state": "MA", "pretty_name": "44-99 Chestnut Rd.", "street_slug": "chestnut-rd", "street": "CHESTNUT", "geom": "LINESTRING (-71.1599649999999997 42.2643409999999946, -71.1597620000000006 42.2641769999999966, -71.1592559999999992 42.2638350000000003)", "right_state": "MA", "left_from_num": 44, "left_zip": "02132", "left_to_num": 98, "left_city": "BOSTON", "predir": ""}, "model": "streets.block", "pk": 76}, {"fields": {"from_num": 449, "right_city": "BOSTON", "right_to_num": 475, "to_num": 475, "suffix": "ST", "parent_id": null, "street_pretty_name": "Adams St.", "right_from_num": 449, "postdir": "", "right_zip": "02122", "left_state": "MA", "pretty_name": "449-475 Adams St.", "street_slug": "adams-st", "street": "ADAMS", "geom": "LINESTRING (-71.0570149999999927 42.2938199999999966, -71.0572470000000038 42.2933319999999995, -71.0572959999999938 42.2931249999999963)", "right_state": "MA", "left_from_num": 450, "left_zip": "02122", "left_to_num": 460, "left_city": "BOSTON", "predir": ""}, "model": "streets.block", "pk": 133}, {"fields": {"from_num": 462, "right_city": "BOSTON", "right_to_num": 505, "to_num": 505, "suffix": "ST", "parent_id": null, "street_pretty_name": "Adams St.", "right_from_num": 477, "postdir": "", "right_zip": "02122", "left_state": "MA", "pretty_name": "462-505 Adams St.", "street_slug": "adams-st", "street": "ADAMS", "geom": "LINESTRING (-71.0572959999999938 42.2931249999999963, -71.0573490000000021 42.2924760000000006)", "right_state": "MA", "left_from_num": 462, "left_zip": "02122", "left_to_num": 492, "left_city": "BOSTON", "predir": ""}, "model": "streets.block", "pk": 118}, {"fields": {"from_num": 498, "right_city": "BOSTON", "right_to_num": 515, "to_num": 516, "suffix": "ST", "parent_id": null, "street_pretty_name": "Adams St.", "right_from_num": 507, "postdir": "", "right_zip": "02122", "left_state": "MA", "pretty_name": "498-516 Adams St.", "street_slug": "adams-st", "street": "ADAMS", "geom": "LINESTRING (-71.0573490000000021 42.2924760000000006, -71.0573519999999945 42.2919499999999999)", "right_state": "MA", "left_from_num": 498, "left_zip": "02122", "left_to_num": 516, "left_city": "BOSTON", "predir": ""}, "model": "streets.block", "pk": 82}, {"fields": {"from_num": 518, "right_city": "BOSTON", "right_to_num": 531, "to_num": 536, "suffix": "ST", "parent_id": null, "street_pretty_name": "Adams St.", "right_from_num": 527, "postdir": "", "right_zip": "02122", "left_state": "MA", "pretty_name": "518-536 Adams St.", "street_slug": "adams-st", "street": "ADAMS", "geom": "LINESTRING (-71.0573519999999945 42.2919499999999999, -71.0573519999999945 42.2918639999999968, -71.0572949999999963 42.2916469999999975, -71.0571949999999930 42.2914260000000013)", "right_state": "MA", "left_from_num": 518, "left_zip": "02122", "left_to_num": 536, "left_city": "BOSTON", "predir": ""}, "model": "streets.block", "pk": 54}, {"fields": {"from_num": 533, "right_city": "BOSTON", "right_to_num": 539, "to_num": 540, "suffix": "ST", "parent_id": null, "street_pretty_name": "Adams St.", "right_from_num": 533, "postdir": "", "right_zip": "02122", "left_state": "MA", "pretty_name": "533-540 Adams St.", "street_slug": "adams-st", "street": "ADAMS", "geom": "LINESTRING (-71.0571949999999930 42.2914260000000013, -71.0570840000000032 42.2912579999999991, -71.0569160000000011 42.2910639999999987)", "right_state": "MA", "left_from_num": 538, "left_zip": "02122", "left_to_num": 540, "left_city": "BOSTON", "predir": ""}, "model": "streets.block", "pk": 116}, {"fields": {"from_num": 54, "right_city": "BOSTON", "right_to_num": 83, "to_num": 83, "suffix": "AVE", "parent_id": null, "street_pretty_name": "Chestnut Ave.", "right_from_num": 59, "postdir": "", "right_zip": "02130", "left_state": "MA", "pretty_name": "54-83 Chestnut Ave.", "street_slug": "chestnut-ave", "street": "CHESTNUT", "geom": "LINESTRING (-71.1033839999999913 42.3204029999999989, -71.1035919999999919 42.3201889999999992, -71.1036939999999902 42.3201259999999948, -71.1039849999999944 42.3199770000000015)", "right_state": "MA", "left_from_num": 54, "left_zip": "02130", "left_to_num": 78, "left_city": "BOSTON", "predir": ""}, "model": "streets.block", "pk": 111}, {"fields": {"from_num": 541, "right_city": "BOSTON", "right_to_num": 555, "to_num": 556, "suffix": "ST", "parent_id": null, "street_pretty_name": "Adams St.", "right_from_num": 541, "postdir": "", "right_zip": "02122", "left_state": "MA", "pretty_name": "541-556 Adams St.", "street_slug": "adams-st", "street": "ADAMS", "geom": "LINESTRING (-71.0569160000000011 42.2910639999999987, -71.0567839999999933 42.2909259999999989, -71.0566249999999968 42.2907399999999996)", "right_state": "MA", "left_from_num": 542, "left_zip": "02122", "left_to_num": 556, "left_city": "BOSTON", "predir": ""}, "model": "streets.block", "pk": 117}, {"fields": {"from_num": 557, "right_city": "BOSTON", "right_to_num": 579, "to_num": 579, "suffix": "ST", "parent_id": null, "street_pretty_name": "Adams St.", "right_from_num": 557, "postdir": "", "right_zip": "02122", "left_state": "MA", "pretty_name": "557-579 Adams St.", "street_slug": "adams-st", "street": "ADAMS", "geom": "LINESTRING (-71.0566249999999968 42.2907399999999996, -71.0564719999999994 42.2905579999999972, -71.0562529999999981 42.2901710000000008, -71.0561299999999960 42.2899719999999988)", "right_state": "MA", "left_from_num": 558, "left_zip": "02122", "left_to_num": 576, "left_city": "BOSTON", "predir": ""}, "model": "streets.block", "pk": 55}, {"fields": {"from_num": 578, "right_city": "BOSTON", "right_to_num": 591, "to_num": 598, "suffix": "ST", "parent_id": null, "street_pretty_name": "Adams St.", "right_from_num": 581, "postdir": "", "right_zip": "02122", "left_state": "MA", "pretty_name": "578-598 Adams St.", "street_slug": "adams-st", "street": "ADAMS", "geom": "LINESTRING (-71.0561299999999960 42.2899719999999988, -71.0557730000000021 42.2893499999999989)", "right_state": "MA", "left_from_num": 578, "left_zip": "02122", "left_to_num": 598, "left_city": "BOSTON", "predir": ""}, "model": "streets.block", "pk": 101}, {"fields": {"from_num": 59, "right_city": "BOSTON", "right_to_num": 63, "to_num": 80, "suffix": "ST", "parent_id": null, "street_pretty_name": "Chestnut St.", "right_from_num": 59, "postdir": "", "right_zip": "02108", "left_state": "MA", "pretty_name": "59-80 Chestnut St.", "street_slug": "chestnut-st", "street": "CHESTNUT", "geom": "LINESTRING (-71.0694569999999999 42.3571219999999968, -71.0698390000000018 42.3570299999999946)", "right_state": "MA", "left_from_num": 68, "left_zip": "02108", "left_to_num": 80, "left_city": "BOSTON", "predir": ""}, "model": "streets.block", "pk": 123}, {"fields": {"from_num": 593, "right_city": "BOSTON", "right_to_num": 605, "to_num": 605, "suffix": "ST", "parent_id": null, "street_pretty_name": "Adams St.", "right_from_num": 593, "postdir": "", "right_zip": "02122", "left_state": "MA", "pretty_name": "593-605 Adams St.", "street_slug": "adams-st", "street": "ADAMS", "geom": "LINESTRING (-71.0557730000000021 42.2893499999999989, -71.0557029999999941 42.2891580000000005)", "right_state": "MA", "left_from_num": 600, "left_zip": "02122", "left_to_num": 604, "left_city": "BOSTON", "predir": ""}, "model": "streets.block", "pk": 102}, {"fields": {"from_num": 2, "right_city": "BOSTON", "right_to_num": null, "to_num": 6, "suffix": "TER", "parent_id": null, "street_pretty_name": "Chestnut Ter.", "right_from_num": null, "postdir": "", "right_zip": "", "left_state": "MA", "pretty_name": "6 Chestnut Ter.", "street_slug": "chestnut-ter", "street": "CHESTNUT", "geom": "LINESTRING (-71.1057539999999904 42.3154889999999995, -71.1062639999999959 42.3156430000000015)", "right_state": "MA", "left_from_num": 2, "left_zip": "02130", "left_to_num": 6, "left_city": "BOSTON", "predir": ""}, "model": "streets.block", "pk": 44}, {"fields": {"from_num": 60, "right_city": "BOSTON", "right_to_num": 99, "to_num": 99, "suffix": "ST", "parent_id": null, "street_pretty_name": "Chestnut St.", "right_from_num": 65, "postdir": "", "right_zip": "02129", "left_state": "MA", "pretty_name": "60-99 Chestnut St.", "street_slug": "chestnut-st", "street": "CHESTNUT", "geom": "LINESTRING (-71.0593259999999987 42.3758300000000006, -71.0595179999999971 42.3759019999999964, -71.0600079999999963 42.3760720000000006)", "right_state": "MA", "left_from_num": 60, "left_zip": "02129", "left_to_num": 98, "left_city": "BOSTON", "predir": ""}, "model": "streets.block", "pk": 128}, {"fields": {"from_num": 606, "right_city": "BOSTON", "right_to_num": 615, "to_num": 616, "suffix": "ST", "parent_id": null, "street_pretty_name": "Adams St.", "right_from_num": 607, "postdir": "", "right_zip": "02122", "left_state": "MA", "pretty_name": "606-616 Adams St.", "street_slug": "adams-st", "street": "ADAMS", "geom": "LINESTRING (-71.0557029999999941 42.2891580000000005, -71.0555919999999901 42.2888439999999974)", "right_state": "MA", "left_from_num": 606, "left_zip": "02122", "left_to_num": 616, "left_city": "BOSTON", "predir": ""}, "model": "streets.block", "pk": 84}, {"fields": {"from_num": 617, "right_city": "BOSTON", "right_to_num": 635, "to_num": 635, "suffix": "ST", "parent_id": null, "street_pretty_name": "Adams St.", "right_from_num": 617, "postdir": "", "right_zip": "02122", "left_state": "MA", "pretty_name": "617-635 Adams St.", "street_slug": "adams-st", "street": "ADAMS", "geom": "LINESTRING (-71.0555919999999901 42.2888439999999974, -71.0554589999999990 42.2884419999999963, -71.0553469999999976 42.2882419999999968)", "right_state": "MA", "left_from_num": 618, "left_zip": "02122", "left_to_num": 628, "left_city": "BOSTON", "predir": ""}, "model": "streets.block", "pk": 23}, {"fields": {"from_num": 630, "right_city": "BOSTON", "right_to_num": 653, "to_num": 656, "suffix": "ST", "parent_id": null, "street_pretty_name": "Adams St.", "right_from_num": 637, "postdir": "", "right_zip": "02122", "left_state": "MA", "pretty_name": "630-656 Adams St.", "street_slug": "adams-st", "street": "ADAMS", "geom": "LINESTRING (-71.0553469999999976 42.2882419999999968, -71.0551000000000101 42.2879329999999953, -71.0548769999999905 42.2876669999999990, -71.0547249999999906 42.2874459999999956)", "right_state": "MA", "left_from_num": 630, "left_zip": "02122", "left_to_num": 656, "left_city": "BOSTON", "predir": ""}, "model": "streets.block", "pk": 7}, {"fields": {"from_num": 65, "right_city": "BOSTON", "right_to_num": 87, "to_num": 87, "suffix": "ST", "parent_id": null, "street_pretty_name": "Chestnut St.", "right_from_num": 65, "postdir": "", "right_zip": "02108", "left_state": "MA", "pretty_name": "65-87 Chestnut St.", "street_slug": "chestnut-st", "street": "CHESTNUT", "geom": "LINESTRING (-71.0698390000000018 42.3570299999999946, -71.0701770000000010 42.3569559999999967, -71.0702730000000003 42.3569269999999989)", "right_state": "MA", "left_from_num": 82, "left_zip": "02108", "left_to_num": 84, "left_city": "BOSTON", "predir": ""}, "model": "streets.block", "pk": 65}, {"fields": {"from_num": 655, "right_city": "BOSTON", "right_to_num": 665, "to_num": 666, "suffix": "ST", "parent_id": null, "street_pretty_name": "Adams St.", "right_from_num": 655, "postdir": "", "right_zip": "02122", "left_state": "MA", "pretty_name": "655-666 Adams St.", "street_slug": "adams-st", "street": "ADAMS", "geom": "LINESTRING (-71.0547249999999906 42.2874459999999956, -71.0546539999999993 42.2873349999999988, -71.0545369999999963 42.2871129999999980)", "right_state": "MA", "left_from_num": 658, "left_zip": "02122", "left_to_num": 666, "left_city": "BOSTON", "predir": ""}, "model": "streets.block", "pk": 24}, {"fields": {"from_num": 58, "right_city": "BOSTON", "right_to_num": null, "to_num": 66, "suffix": "ST", "parent_id": null, "street_pretty_name": "Chestnut St.", "right_from_num": null, "postdir": "", "right_zip": "", "left_state": "MA", "pretty_name": "66 Chestnut St.", "street_slug": "chestnut-st", "street": "CHESTNUT", "geom": "LINESTRING (-71.0691300000000012 42.3571969999999993, -71.0694569999999999 42.3571219999999968)", "right_state": "MA", "left_from_num": 58, "left_zip": "02108", "left_to_num": 66, "left_city": "BOSTON", "predir": ""}, "model": "streets.block", "pk": 108}, {"fields": {"from_num": 667, "right_city": "BOSTON", "right_to_num": 671, "to_num": 672, "suffix": "ST", "parent_id": null, "street_pretty_name": "Adams St.", "right_from_num": 667, "postdir": "", "right_zip": "02122", "left_state": "MA", "pretty_name": "667-672 Adams St.", "street_slug": "adams-st", "street": "ADAMS", "geom": "LINESTRING (-71.0545369999999963 42.2871129999999980, -71.0545099999999934 42.2868589999999998)", "right_state": "MA", "left_from_num": 668, "left_zip": "02122", "left_to_num": 672, "left_city": "BOSTON", "predir": ""}, "model": "streets.block", "pk": 119}, {"fields": {"from_num": 673, "right_city": "BOSTON", "right_to_num": 677, "to_num": 682, "suffix": "ST", "parent_id": null, "street_pretty_name": "Adams St.", "right_from_num": 673, "postdir": "", "right_zip": "02122", "left_state": "MA", "pretty_name": "673-682 Adams St.", "street_slug": "adams-st", "street": "ADAMS", "geom": "LINESTRING (-71.0545099999999934 42.2868589999999998, -71.0545099999999934 42.2867999999999995, -71.0545279999999906 42.2866719999999958, -71.0545469999999995 42.2866149999999976)", "right_state": "MA", "left_from_num": 674, "left_zip": "02122", "left_to_num": 682, "left_city": "BOSTON", "predir": ""}, "model": "streets.block", "pk": 85}, {"fields": {"from_num": 679, "right_city": "BOSTON", "right_to_num": 685, "to_num": 686, "suffix": "ST", "parent_id": null, "street_pretty_name": "Adams St.", "right_from_num": 679, "postdir": "", "right_zip": "02122", "left_state": "MA", "pretty_name": "679-686 Adams St.", "street_slug": "adams-st", "street": "ADAMS", "geom": "LINESTRING (-71.0545469999999995 42.2866149999999976, -71.0546849999999921 42.2862669999999952)", "right_state": "MA", "left_from_num": 684, "left_zip": "02122", "left_to_num": 686, "left_city": "BOSTON", "predir": ""}, "model": "streets.block", "pk": 103}, {"fields": {"from_num": 687, "right_city": "BOSTON", "right_to_num": 691, "to_num": 692, "suffix": "ST", "parent_id": null, "street_pretty_name": "Adams St.", "right_from_num": 687, "postdir": "", "right_zip": "02122", "left_state": "MA", "pretty_name": "687-692 Adams St.", "street_slug": "adams-st", "street": "ADAMS", "geom": "LINESTRING (-71.0546849999999921 42.2862669999999952, -71.0547759999999897 42.2860069999999979)", "right_state": "MA", "left_from_num": 688, "left_zip": "02122", "left_to_num": 692, "left_city": "BOSTON", "predir": ""}, "model": "streets.block", "pk": 120}, {"fields": {"from_num": 693, "right_city": "BOSTON", "right_to_num": 701, "to_num": 706, "suffix": "ST", "parent_id": null, "street_pretty_name": "Adams St.", "right_from_num": 693, "postdir": "", "right_zip": "02122", "left_state": "MA", "pretty_name": "693-706 Adams St.", "street_slug": "adams-st", "street": "ADAMS", "geom": "LINESTRING (-71.0547759999999897 42.2860069999999979, -71.0549630000000008 42.2855750000000015)", "right_state": "MA", "left_from_num": 694, "left_zip": "02122", "left_to_num": 706, "left_city": "BOSTON", "predir": ""}, "model": "streets.block", "pk": 87}, {"fields": {"from_num": 70, "right_city": "BOSTON", "right_to_num": 85, "to_num": 85, "suffix": "ST", "parent_id": null, "street_pretty_name": "Adams St.", "right_from_num": 73, "postdir": "", "right_zip": "02122", "left_state": "MA", "pretty_name": "70-85 Adams St.", "street_slug": "adams-st", "street": "ADAMS", "geom": "LINESTRING (-71.0619429999999994 42.3064000000000036, -71.0617709999999931 42.3060089999999960)", "right_state": "MA", "left_from_num": 70, "left_zip": "02122", "left_to_num": 80, "left_city": "BOSTON", "predir": ""}, "model": "streets.block", "pk": 131}, {"fields": {"from_num": 703, "right_city": "BOSTON", "right_to_num": 705, "to_num": 710, "suffix": "ST", "parent_id": null, "street_pretty_name": "Adams St.", "right_from_num": 703, "postdir": "", "right_zip": "02122", "left_state": "MA", "pretty_name": "703-710 Adams St.", "street_slug": "adams-st", "street": "ADAMS", "geom": "LINESTRING (-71.0549630000000008 42.2855750000000015, -71.0550089999999983 42.2854260000000011)", "right_state": "MA", "left_from_num": 708, "left_zip": "02122", "left_to_num": 710, "left_city": "BOSTON", "predir": ""}, "model": "streets.block", "pk": 136}, {"fields": {"from_num": 707, "right_city": "BOSTON", "right_to_num": 721, "to_num": 722, "suffix": "ST", "parent_id": null, "street_pretty_name": "Adams St.", "right_from_num": 707, "postdir": "", "right_zip": "02122", "left_state": "MA", "pretty_name": "707-722 Adams St.", "street_slug": "adams-st", "street": "ADAMS", "geom": "LINESTRING (-71.0550089999999983 42.2854260000000011, -71.0551480000000026 42.2850679999999954)", "right_state": "MA", "left_from_num": 712, "left_zip": "02122", "left_to_num": 722, "left_city": "BOSTON", "predir": ""}, "model": "streets.block", "pk": 60}, {"fields": {"from_num": 72, "right_city": "BOSTON", "right_to_num": 99, "to_num": 99, "suffix": "ST", "parent_id": null, "street_pretty_name": "Adams St.", "right_from_num": 73, "postdir": "", "right_zip": "02119", "left_state": "MA", "pretty_name": "72-99 Adams St.", "street_slug": "adams-st", "street": "ADAMS", "geom": "LINESTRING (-71.0774380000000008 42.3277459999999977, -71.0777000000000072 42.3274879999999953, -71.0781920000000014 42.3271030000000010)", "right_state": "MA", "left_from_num": 72, "left_zip": "02119", "left_to_num": 98, "left_city": "BOSTON", "predir": ""}, "model": "streets.block", "pk": 63}, {"fields": {"from_num": 723, "right_city": "BOSTON", "right_to_num": 731, "to_num": 744, "suffix": "ST", "parent_id": null, "street_pretty_name": "Adams St.", "right_from_num": 723, "postdir": "", "right_zip": "02122", "left_state": "MA", "pretty_name": "723-744 Adams St.", "street_slug": "adams-st", "street": "ADAMS", "geom": "LINESTRING (-71.0552109999999999 42.2849140000000006, -71.0554269999999946 42.2843549999999979)", "right_state": "MA", "left_from_num": 724, "left_zip": "02122", "left_to_num": 744, "left_city": "BOSTON", "predir": ""}, "model": "streets.block", "pk": 104}, {"fields": {"from_num": 733, "right_city": "BOSTON", "right_to_num": 773, "to_num": 773, "suffix": "ST", "parent_id": null, "street_pretty_name": "Adams St.", "right_from_num": 733, "postdir": "", "right_zip": "02122", "left_state": "MA", "pretty_name": "733-773 Adams St.", "street_slug": "adams-st", "street": "ADAMS", "geom": "LINESTRING (-71.0554269999999946 42.2843549999999979, -71.0556639999999931 42.2836050000000014)", "right_state": "MA", "left_from_num": 746, "left_zip": "02122", "left_to_num": 772, "left_city": "BOSTON", "predir": ""}, "model": "streets.block", "pk": 86}, {"fields": {"from_num": 774, "right_city": "BOSTON", "right_to_num": 789, "to_num": 789, "suffix": "ST", "parent_id": null, "street_pretty_name": "Adams St.", "right_from_num": 775, "postdir": "", "right_zip": "02122", "left_state": "MA", "pretty_name": "774-789 Adams St.", "street_slug": "adams-st", "street": "ADAMS", "geom": "LINESTRING (-71.0556639999999931 42.2836050000000014, -71.0558029999999974 42.2832069999999973)", "right_state": "MA", "left_from_num": 774, "left_zip": "02122", "left_to_num": 782, "left_city": "BOSTON", "predir": ""}, "model": "streets.block", "pk": 6}, {"fields": {"from_num": 784, "right_city": "BOSTON", "right_to_num": 831, "to_num": 831, "suffix": "ST", "parent_id": null, "street_pretty_name": "Adams St.", "right_from_num": 791, "postdir": "", "right_zip": "02122", "left_state": "MA", "pretty_name": "784-831 Adams St.", "street_slug": "adams-st", "street": "ADAMS", "geom": "LINESTRING (-71.0558029999999974 42.2832069999999973, -71.0560109999999980 42.2829240000000013, -71.0561610000000030 42.2828139999999948, -71.0565359999999941 42.2825829999999954)", "right_state": "MA", "left_from_num": 784, "left_zip": "02122", "left_to_num": 818, "left_city": "BOSTON", "predir": ""}, "model": "streets.block", "pk": 15}, {"fields": {"from_num": 820, "right_city": "BOSTON", "right_to_num": 883, "to_num": 883, "suffix": "ST", "parent_id": null, "street_pretty_name": "Adams St.", "right_from_num": 833, "postdir": "", "right_zip": "02124", "left_state": "MA", "pretty_name": "820-883 Adams St.", "street_slug": "adams-st", "street": "ADAMS", "geom": "LINESTRING (-71.0589039999999983 42.2819980000000015, -71.0588829999999945 42.2818569999999951, -71.0588309999999979 42.2812750000000008, -71.0588049999999924 42.2810819999999978)", "right_state": "MA", "left_from_num": 820, "left_zip": "02124", "left_to_num": 866, "left_city": "BOSTON", "predir": ""}, "model": "streets.block", "pk": 56}, {"fields": {"from_num": 86, "right_city": "BOSTON", "right_to_num": null, "to_num": 106, "suffix": "ST", "parent_id": null, "street_pretty_name": "Chestnut St.", "right_from_num": null, "postdir": "", "right_zip": "", "left_state": "MA", "pretty_name": "86 Chestnut St.", "street_slug": "chestnut-st", "street": "CHESTNUT", "geom": "LINESTRING (-71.0702730000000003 42.3569269999999989, -71.0703309999999959 42.3569189999999978, -71.0716089999999951 42.3566409999999962, -71.0716769999999940 42.3566319999999976)", "right_state": "MA", "left_from_num": 86, "left_zip": "02108", "left_to_num": 106, "left_city": "BOSTON", "predir": ""}, "model": "streets.block", "pk": 46}, {"fields": {"from_num": 868, "right_city": "BOSTON", "right_to_num": 895, "to_num": 895, "suffix": "ST", "parent_id": null, "street_pretty_name": "Adams St.", "right_from_num": 885, "postdir": "", "right_zip": "02124", "left_state": "MA", "pretty_name": "868-895 Adams St.", "street_slug": "adams-st", "street": "ADAMS", "geom": "LINESTRING (-71.0588049999999924 42.2810819999999978, -71.0587780000000038 42.2808759999999992)", "right_state": "MA", "left_from_num": 868, "left_zip": "02124", "left_to_num": 884, "left_city": "BOSTON", "predir": ""}, "model": "streets.block", "pk": 57}, {"fields": {"from_num": 886, "right_city": "BOSTON", "right_to_num": 909, "to_num": 909, "suffix": "ST", "parent_id": null, "street_pretty_name": "Adams St.", "right_from_num": 897, "postdir": "", "right_zip": "02124", "left_state": "MA", "pretty_name": "886-909 Adams St.", "street_slug": "adams-st", "street": "ADAMS", "geom": "LINESTRING (-71.0587780000000038 42.2808759999999992, -71.0587620000000015 42.2806399999999982)", "right_state": "MA", "left_from_num": 886, "left_zip": "02124", "left_to_num": 908, "left_city": "BOSTON", "predir": ""}, "model": "streets.block", "pk": 135}, {"fields": {"from_num": 910, "right_city": "BOSTON", "right_to_num": 910, "to_num": 912, "suffix": "ST", "parent_id": null, "street_pretty_name": "Adams St.", "right_from_num": 912, "postdir": "", "right_zip": "02124", "left_state": "MA", "pretty_name": "912 Adams St.", "street_slug": "adams-st", "street": "ADAMS", "geom": "LINESTRING (-71.0587620000000015 42.2806399999999982, -71.0585279999999955 42.2800609999999963)", "right_state": "MA", "left_from_num": null, "left_zip": "", "left_to_num": null, "left_city": "BOSTON", "predir": ""}, "model": "streets.block", "pk": 59}, {"fields": {"from_num": 915, "right_city": "BOSTON", "right_to_num": 955, "to_num": 955, "suffix": "ST", "parent_id": null, "street_pretty_name": "Adams St.", "right_from_num": 915, "postdir": "", "right_zip": "02124", "left_state": "MA", "pretty_name": "915-955 Adams St.", "street_slug": "adams-st", "street": "ADAMS", "geom": "LINESTRING (-71.0589399999999927 42.2800409999999971, -71.0589739999999921 42.2799909999999954, -71.0593029999999999 42.2793109999999999, -71.0595799999999969 42.2786809999999988)", "right_state": "MA", "left_from_num": 936, "left_zip": "02124", "left_to_num": 952, "left_city": "BOSTON", "predir": ""}, "model": "streets.block", "pk": 2}, {"fields": {"from_num": 914, "right_city": "BOSTON", "right_to_num": null, "to_num": 934, "suffix": "ST", "parent_id": null, "street_pretty_name": "Adams St.", "right_from_num": null, "postdir": "", "right_zip": "", "left_state": "MA", "pretty_name": "934 Adams St.", "street_slug": "adams-st", "street": "ADAMS", "geom": "LINESTRING (-71.0587620000000015 42.2806399999999982, -71.0587579999999974 42.2805339999999958, -71.0587749999999971 42.2804009999999977, -71.0588259999999963 42.2802739999999986, -71.0589399999999927 42.2800409999999971)", "right_state": "MA", "left_from_num": 914, "left_zip": "02124", "left_to_num": 934, "left_city": "BOSTON", "predir": ""}, "model": "streets.block", "pk": 58}, {"fields": {"from_num": 954, "right_city": "BOSTON", "right_to_num": 965, "to_num": 970, "suffix": "ST", "parent_id": null, "street_pretty_name": "Adams St.", "right_from_num": 957, "postdir": "", "right_zip": "02124", "left_state": "MA", "pretty_name": "954-970 Adams St.", "street_slug": "adams-st", "street": "ADAMS", "geom": "LINESTRING (-71.0595799999999969 42.2786809999999988, -71.0597000000000065 42.2784289999999956)", "right_state": "MA", "left_from_num": 954, "left_zip": "02124", "left_to_num": 970, "left_city": "BOSTON", "predir": ""}, "model": "streets.block", "pk": 127}, {"fields": {"from_num": 1, "right_city": "BOSTON", "right_to_num": 99, "to_num": 99, "suffix": "PL", "parent_id": null, "street_pretty_name": "Adams Pl.", "right_from_num": 1, "postdir": "", "right_zip": "02114", "left_state": "MA", "pretty_name": "99 Adams Pl.", "street_slug": "adams-pl", "street": "ADAMS", "geom": "LINESTRING (-71.0678659999999951 42.3615899999999996, -71.0674649999999986 42.3615989999999982)", "right_state": "MA", "left_from_num": null, "left_zip": "", "left_to_num": null, "left_city": "BOSTON", "predir": ""}, "model": "streets.block", "pk": 25}, {"fields": {"from_num": 987, "right_city": "BOSTON", "right_to_num": 995, "to_num": 995, "suffix": "ST", "parent_id": null, "street_pretty_name": "Adams St.", "right_from_num": 987, "postdir": "", "right_zip": "02124", "left_state": "MA", "pretty_name": "995 Adams St.", "street_slug": "adams-st", "street": "ADAMS", "geom": "LINESTRING (-71.0599449999999990 42.2778980000000004, -71.0600349999999992 42.2777299999999983, -71.0601709999999969 42.2774059999999992, -71.0602499999999964 42.2772849999999991, -71.0603139999999911 42.2772199999999998)", "right_state": "MA", "left_from_num": null, "left_zip": "", "left_to_num": null, "left_city": "BOSTON", "predir": ""}, "model": "streets.block", "pk": 10}, {"fields": {"city": "BOSTON", "suffix": "PL", "street_slug": "adams-pl", "pretty_name": "Adams Pl.", "state": "MA", "street": "ADAMS"}, "model": "streets.street", "pk": 4}, {"fields": {"city": "BOSTON", "suffix": "ST", "street_slug": "adams-st", "pretty_name": "Adams St.", "state": "MA", "street": "ADAMS"}, "model": "streets.street", "pk": 1}, {"fields": {"city": "BOSTON", "suffix": "TER", "street_slug": "adams-ter", "pretty_name": "Adams Ter.", "state": "MA", "street": "ADAMS"}, "model": "streets.street", "pk": 6}, {"fields": {"city": "BOSTON", "suffix": "AVE", "street_slug": "chestnut-ave", "pretty_name": "Chestnut Ave.", "state": "MA", "street": "CHESTNUT"}, "model": "streets.street", "pk": 9}, {"fields": {"city": "BOSTON", "suffix": "PL", "street_slug": "chestnut-pl", "pretty_name": "Chestnut Pl.", "state": "MA", "street": "CHESTNUT"}, "model": "streets.street", "pk": 2}, {"fields": {"city": "BOSTON", "suffix": "RD", "street_slug": "chestnut-rd", "pretty_name": "Chestnut Rd.", "state": "MA", "street": "CHESTNUT"}, "model": "streets.street", "pk": 3}, {"fields": {"city": "BOSTON", "suffix": "SQ", "street_slug": "chestnut-sq", "pretty_name": "Chestnut Sq.", "state": "MA", "street": "CHESTNUT"}, "model": "streets.street", "pk": 10}, {"fields": {"city": "BOSTON", "suffix": "ST", "street_slug": "chestnut-st", "pretty_name": "Chestnut St.", "state": "MA", "street": "CHESTNUT"}, "model": "streets.street", "pk": 5}, {"fields": {"city": "BOSTON", "suffix": "TER", "street_slug": "chestnut-ter", "pretty_name": "Chestnut Ter.", "state": "MA", "street": "CHESTNUT"}, "model": "streets.street", "pk": 7}, {"fields": {"intersection": 1, "intersecting_block": 77, "block": 110, "location": "POINT (-71.1076369999999969 42.3157080000000008)"}, "model": "streets.blockintersection", "pk": 1}, {"fields": {"intersection": 1, "intersecting_block": 78, "block": 110, "location": "POINT (-71.1076369999999969 42.3157080000000008)"}, "model": "streets.blockintersection", "pk": 2}, {"fields": {"intersection": 2, "intersecting_block": 5, "block": 83, "location": "POINT (-71.0562209999999936 42.2955459999999945)"}, "model": "streets.blockintersection", "pk": 3}, {"fields": {"intersection": 2, "intersecting_block": 22, "block": 83, "location": "POINT (-71.0562209999999936 42.2955459999999945)"}, "model": "streets.blockintersection", "pk": 4}, {"fields": {"intersection": 3, "intersecting_block": 78, "block": 95, "location": "POINT (-71.1080109999999905 42.3150499999999994)"}, "model": "streets.blockintersection", "pk": 5}, {"fields": {"intersection": 3, "intersecting_block": 107, "block": 95, "location": "POINT (-71.1080109999999905 42.3150499999999994)"}, "model": "streets.blockintersection", "pk": 6}, {"fields": {"intersection": 4, "intersecting_block": 113, "block": 98, "location": "POINT (-71.0589269999999971 42.3742729999999952)"}, "model": "streets.blockintersection", "pk": 7}, {"fields": {"intersection": 4, "intersecting_block": 19, "block": 98, "location": "POINT (-71.0589269999999971 42.3742729999999952)"}, "model": "streets.blockintersection", "pk": 8}, {"fields": {"intersection": 4, "intersecting_block": 98, "block": 113, "location": "POINT (-71.0589269999999971 42.3742729999999952)"}, "model": "streets.blockintersection", "pk": 9}, {"fields": {"intersection": 4, "intersecting_block": 99, "block": 113, "location": "POINT (-71.0589269999999971 42.3742729999999952)"}, "model": "streets.blockintersection", "pk": 10}, {"fields": {"intersection": 1, "intersecting_block": 110, "block": 77, "location": "POINT (-71.1076369999999969 42.3157080000000008)"}, "model": "streets.blockintersection", "pk": 11}, {"fields": {"intersection": 4, "intersecting_block": 113, "block": 99, "location": "POINT (-71.0589269999999971 42.3742729999999952)"}, "model": "streets.blockintersection", "pk": 12}, {"fields": {"intersection": 4, "intersecting_block": 19, "block": 99, "location": "POINT (-71.0589269999999971 42.3742729999999952)"}, "model": "streets.blockintersection", "pk": 13}, {"fields": {"intersection": 3, "intersecting_block": 95, "block": 107, "location": "POINT (-71.1080109999999905 42.3150499999999994)"}, "model": "streets.blockintersection", "pk": 14}, {"fields": {"intersection": 3, "intersecting_block": 95, "block": 78, "location": "POINT (-71.1080109999999905 42.3150499999999994)"}, "model": "streets.blockintersection", "pk": 15}, {"fields": {"intersection": 1, "intersecting_block": 110, "block": 78, "location": "POINT (-71.1076369999999969 42.3157080000000008)"}, "model": "streets.blockintersection", "pk": 16}, {"fields": {"intersection": 4, "intersecting_block": 98, "block": 19, "location": "POINT (-71.0589269999999971 42.3742729999999952)"}, "model": "streets.blockintersection", "pk": 17}, {"fields": {"intersection": 4, "intersecting_block": 99, "block": 19, "location": "POINT (-71.0589269999999971 42.3742729999999952)"}, "model": "streets.blockintersection", "pk": 18}, {"fields": {"intersection": 2, "intersecting_block": 83, "block": 5, "location": "POINT (-71.0562209999999936 42.2955459999999945)"}, "model": "streets.blockintersection", "pk": 19}, {"fields": {"intersection": 2, "intersecting_block": 83, "block": 22, "location": "POINT (-71.0562209999999936 42.2955459999999945)"}, "model": "streets.blockintersection", "pk": 20}, {"fields": {"city": "BOSTON", "zip": "02129", "postdir_b": "", "suffix_b": "ST", "street_a": "ADAMS", "street_b": "CHESTNUT", "suffix_a": "ST", "predir_a": "", "state": "MA", "predir_b": "", "pretty_name": "Adams St. & Chestnut St.", "postdir_a": "", "location": "POINT (-71.0589269999999971 42.3742729999999952)", "slug": "adams-st-and-chestnut-st"}, "model": "streets.intersection", "pk": 4}, {"fields": {"city": "BOSTON", "zip": "02122", "postdir_b": "", "suffix_b": "ST", "street_a": "ADAMS", "street_b": "ADAMS", "suffix_a": "TER", "predir_a": "", "state": "MA", "predir_b": "", "pretty_name": "Adams Ter. & Adams St.", "postdir_a": "", "location": "POINT (-71.0562209999999936 42.2955459999999945)", "slug": "adams-ter-and-adams-st"}, "model": "streets.intersection", "pk": 2}, {"fields": {"city": "BOSTON", "zip": "02130", "postdir_b": "", "suffix_b": "AVE", "street_a": "CHESTNUT", "street_b": "CHESTNUT", "suffix_a": "PL", "predir_a": "", "state": "MA", "predir_b": "", "pretty_name": "Chestnut Pl. & Chestnut Ave.", "postdir_a": "", "location": "POINT (-71.1080109999999905 42.3150499999999994)", "slug": "chestnut-pl-and-chestnut-ave"}, "model": "streets.intersection", "pk": 3}, {"fields": {"city": "BOSTON", "zip": "02130", "postdir_b": "", "suffix_b": "AVE", "street_a": "CHESTNUT", "street_b": "CHESTNUT", "suffix_a": "SQ", "predir_a": "", "state": "MA", "predir_b": "", "pretty_name": "Chestnut Sq. & Chestnut Ave.", "postdir_a": "", "location": "POINT (-71.1076369999999969 42.3157080000000008)", "slug": "chestnut-sq-and-chestnut-ave"}, "model": "streets.intersection", "pk": 1}, {"fields": {"expire_date": "2011-03-10 10:35:00", "session_data": "gAJ9cQEoVQVlbWFpbHECWBEAAAB2b3hsdWNpQGdtYWlsLmNvbXEDVQd1c2VyX2lkcQRLAXUuMmU4\nNDVhNjExOTI2MzI4NmNmN2IxZjVhMGY5Mzg5NTc=\n"}, "model": "sessions.session", "pk": "a836a304ec95cbaab27f248dc65a6dac"}, {"fields": {"action_flag": 3, "action_time": "2011-02-24 10:45:29", "object_repr": "Chestnut St.", "object_id": "8", "change_message": "", "user": 1, "content_type": 34}, "model": "admin.logentry", "pk": 1}]